version:v1.0,,,,,,,,,,,,,,,,,
User name [userPrincipalName] *,Name [displayName] *,Initial password [passwordProfile] *,Block sign in (Yes/No) [accountEnabled] *,First name [givenName],Last name [surname],Job title [jobTitle],Department [department],Usage location [usageLocation],Street address [streetAddress],State or province [state],Country or region [country],Office [physicalDeliveryOfficeName],City [city],ZIP or postal code [postalCode],Office phone [telephoneNumber],Mobile phone [mobile]
Antwan.Walsh@azdummy.onmicrosoft.com,Antwan Walsh,zv$[DOnrY?O!')W,Yes,Antwan,Walsh,Employee,Accounting,US,933 Arago Pike,KY,US,,Rio Rancho,00000,820-410-7444,205-403-7098
Rubin.Dixon@azdummy.onmicrosoft.com,Rubin Dixon,8R:d!5Pf!M%#mIM,Yes,Rubin,Dixon,Employee,Supply,US,897 Boyd Parkway,MN,US,,St. Cloud,00000,142-746-6371,432-539-3116
Lucius.Brady@azdummy.onmicrosoft.com,Lucius Brady,0QF?NCJb5)J`='7,Yes,Lucius,Brady,Employee,Marketing,US,837 Donahue Esplanade,NH,US,,Durham,00000,259-065-7980,594-340-2426
Amina.Vance@azdummy.onmicrosoft.com,Amina Vance,e.Q0~A!66!j^@iT,Yes,Amina,Vance,Employee,Sales,US,183 Glenhaven Expressway,IN,US,,Baytown,00000,131-151-6448,409-367-0276
Carlton.Kerr@azdummy.onmicrosoft.com,Carlton Kerr,6[Td%*?w'ZR\Rw3,Yes,Carlton,Kerr,Employee,Marketing,US,927 Lloyd Trail,FL,US,,Machesney Park,00000,132-209-8938,683-860-2544
Robbie.Sweet@azdummy.onmicrosoft.com,Robbie Sweet,Czgczs#*^!z`QG_,Yes,Robbie,Sweet,Employee,Accounting,US,306 Morrell Crescent,TN,US,,Madisonville,00000,701-291-9475,283-359-3360
Arlinda.Herring@azdummy.onmicrosoft.com,Arlinda Herring,_ytlF:&|uCRi*)$,Yes,Arlinda,Herring,Employee,Legal,US,371 Tunnel Circle,OK,US,,Shelton,00000,983-579-7042,594-606-6448
Xenia.Brock@azdummy.onmicrosoft.com,Xenia Brock,_Ciu;w#UNKE5/XQ,Yes,Xenia,Brock,Employee,Sales,US,885 Madrone Parkway,TX,US,,Alpharetta,00000,603-329-0834,790-207-4443
Doloris.Zimmerman@azdummy.onmicrosoft.com,Doloris Zimmerman,"I*QU$;PV<>,^BUr",Yes,Doloris,Zimmerman,Employee,IT,US,1281 Aerial Gate,KS,US,,Pekin,00000,780-446-1914,655-811-2974
Jeffery.Joyce@azdummy.onmicrosoft.com,Jeffery Joyce,nG(c]Rt1lgJ]dg|,Yes,Jeffery,Joyce,Employee,Human Resources,US,989 Turner Viaduct,AK,US,,Ada,00000,728-514-5840,795-624-7781
Odell.Pickett@azdummy.onmicrosoft.com,Odell Pickett,"mm""U'/WCU[bNgQ>",Yes,Odell,Pickett,Employee,Sales,US,1275 Cushman Freeway,IL,US,,Berkeley,00000,473-675-2069,039-132-4305
Thalia.Carlson@azdummy.onmicrosoft.com,Thalia Carlson,GWdMBs-qF\0AY31,Yes,Thalia,Carlson,Employee,Sales,US,395 Ina Esplanade,MO,US,,Sherman,00000,573-709-4494,448-956-5072
Voncile.Tillman@azdummy.onmicrosoft.com,Voncile Tillman,HVPG._[upH=ez/f,Yes,Voncile,Tillman,Employee,Development,US,1183 Lily Nene,PA,US,,Elk River,00000,501-403-6108,959-206-2217
Taisha.Sheppard@azdummy.onmicrosoft.com,Taisha Sheppard,x9%:A^H+zSr&{EL,Yes,Taisha,Sheppard,Employee,Production,US,57 Alta Parade,VT,US,,Covina,00000,381-973-8262,563-764-9508
Son.Stein@azdummy.onmicrosoft.com,Son Stein,"/||ol{_(^~,P%[+",Yes,Son,Stein,Employee,Human Resources,US,344 Turk Murphy Stravenue,MT,US,,Cleveland Heights,00000,705-387-7983,005-764-4547
Andre.Castro@azdummy.onmicrosoft.com,Andre Castro,U0Xq*$wx4*h&fc3,Yes,Andre,Castro,Employee,Marketing,US,1192 Schwerin Close,KY,US,,Wichita Falls,00000,867-276-0733,077-723-1483
Fritz.Woodward@azdummy.onmicrosoft.com,Fritz Woodward,"`6j+fCW+""C5r%$~",Yes,Fritz,Woodward,Employee,IT,US,1268 Waterloo Private,OR,US,,Jupiter,00000,534-581-7335,715-391-2227
Pandora.Chambers@azdummy.onmicrosoft.com,Pandora Chambers,EFVCQ9el]{O4KO6,Yes,Pandora,Chambers,Employee,Sales,US,975 Zircon Parkway,OH,US,,Simpsonville,00000,048-079-9732,724-900-1124
Conchita.Horton@azdummy.onmicrosoft.com,Conchita Horton,cE(U<)mvuB2vuvJ,Yes,Conchita,Horton,Employee,Production,US,824 Hudson Pike,IA,US,,Madera,00000,267-435-8118,104-740-3302
Patrick.Talley@azdummy.onmicrosoft.com,Patrick Talley,?OyMWjsMU:?h>JY,Yes,Patrick,Talley,Employee,Accounting,US,1250 Red Leaf Loop,MO,US,,Tacoma,00000,362-099-7347,141-636-4713
Luci.Shepherd@azdummy.onmicrosoft.com,Luci Shepherd,]cnxt)~f$>x|ro/,Yes,Luci,Shepherd,Employee,Sales,US,1185 Sfgh Access Extension,OK,US,,Grand Junction,00000,867-207-7715,480-997-3377
Simonne.Butler@azdummy.onmicrosoft.com,Simonne Butler,l(&z&y&%S%rKVly,Yes,Simonne,Butler,Employee,IT,US,413 Temescal Garden,CT,US,,Harker Heights,00000,458-267-5671,329-076-3693
Trent.Dunlap@azdummy.onmicrosoft.com,Trent Dunlap,";mW:'.]c]bk5""FI",Yes,Trent,Dunlap,Employee,Production,US,871 Pine Court,OH,US,,St. Matthews,00000,008-740-2301,959-969-7050
Earlie.Ward@azdummy.onmicrosoft.com,Earlie Ward,";Z~y^p""}=39+T<h",Yes,Earlie,Ward,Employee,Sales,US,891 Waltham Arcade,AR,US,,Enterprise,00000,748-011-0436,387-351-9090
Cody.Lopez@azdummy.onmicrosoft.com,Cody Lopez,ph/[F*BmFzM{H!v,Yes,Cody,Lopez,Employee,IT,US,131 Rex Run,HI,US,,La Cañada Flintridge,00000,402-553-6020,073-400-3172
Harrison.Morse@azdummy.onmicrosoft.com,Harrison Morse,!M7ML@4rX\I$=Pe,Yes,Harrison,Morse,Employee,Supply,US,1369 Garnett Mews,MT,US,,Arlington,00000,639-466-6712,901-301-5014
Jackie.Barron@azdummy.onmicrosoft.com,Jackie Barron,gUJtsGL\$ecV=x$,Yes,Jackie,Barron,Employee,Production,US,852 Himmelmann Drive,SC,US,,Downers Grove,00000,470-695-8986,320-410-7326
Deandra.Griffin@azdummy.onmicrosoft.com,Deandra Griffin,v5gzNY5EPFYWFMz,Yes,Deandra,Griffin,Employee,IT,US,1123 Glendale Cove,RI,US,,Huntsville,00000,965-021-2782,832-768-9545
Wilmer.Gibson@azdummy.onmicrosoft.com,Wilmer Gibson,^0f2a+OYTf\]BS<,Yes,Wilmer,Gibson,Employee,Marketing,US,931 Huron Ferry,ME,US,,Rosemount,00000,025-823-7531,318-708-2404
Adolfo.Clements@azdummy.onmicrosoft.com,Adolfo Clements,3WF(/Kr!Q?pwjM[,Yes,Adolfo,Clements,Employee,Human Resources,US,18 Park Presidio Wynd,KY,US,,Amarillo,00000,735-873-3622,281-770-3963
Madelene.Beach@azdummy.onmicrosoft.com,Madelene Beach,3B}&BD1P1[(;hI<,Yes,Madelene,Beach,Employee,Accounting,US,1246 Wallen Drive,MN,US,,Elk River,00000,385-468-6610,320-756-1376
Tristan.Wooten@azdummy.onmicrosoft.com,Tristan Wooten,[2\nl&'/!r5ZQQ-,Yes,Tristan,Wooten,Employee,Development,US,216 Cotter Line,AR,US,,Morton Grove,00000,275-374-2702,501-058-3777
Domitila.Velazquez@azdummy.onmicrosoft.com,Domitila Velazquez,'hFZ'F>u_@<9Z)K,Yes,Domitila,Velazquez,Employee,Sales,US,331 Ora Alley,ME,US,,San Fernando,00000,050-750-5446,110-832-0759
Temple.Cain@azdummy.onmicrosoft.com,Temple Cain,Vk(px+_g9Y>v*6e,Yes,Temple,Cain,Employee,Development,US,1114 Mccann Extension,SD,US,,Wake Forest,00000,890-504-4397,574-839-1154
Silva.Bowers@azdummy.onmicrosoft.com,Silva Bowers,XExU`TE@\O2e6Wn,Yes,Silva,Bowers,Employee,Legal,US,1315 Science Park,WI,US,,Woburn,00000,784-032-4657,938-975-4913
Lala.Frazier@azdummy.onmicrosoft.com,Lala Frazier,$.'6E#LaqfHbCf},Yes,Lala,Frazier,Employee,Legal,US,135 Darien Parade,HI,US,,Bountiful,00000,805-604-5349,730-894-6264
Mathilda.Lynch@azdummy.onmicrosoft.com,Mathilda Lynch,^!{uz#ZaOQTADpU,Yes,Mathilda,Lynch,Employee,Development,US,995 Lloyd Road,VA,US,,Oregon,00000,334-411-5384,924-037-4584
Patrick.Shelton@azdummy.onmicrosoft.com,Patrick Shelton,$H-yd964zDYpV`|,Yes,Patrick,Shelton,Employee,Customer Service,US,716 Shaw Stravenue,NH,US,,St. Charles,00000,325-811-6107,053-485-7955
Clyde.Barnes@azdummy.onmicrosoft.com,Clyde Barnes,zq5Dk4Y&0gQTx~O,Yes,Clyde,Barnes,Employee,Legal,US,351 Hanover Crescent,MD,US,,Stillwater,00000,591-011-8033,994-028-8786
Refugio.Griffith@azdummy.onmicrosoft.com,Refugio Griffith,~.B{1tmwUv6r+P_,Yes,Refugio,Griffith,Employee,Sales,US,1003 Legion Of Honor Plaza,AR,US,,Overland Park,00000,598-621-8667,748-008-3000
Zachary.Hernandez@azdummy.onmicrosoft.com,Zachary Hernandez,",-zXPOnf*-Q/Wp@",Yes,Zachary,Hernandez,Employee,Legal,US,444 Green High Street,TN,US,,Plainview,00000,461-673-2964,590-277-0371
Sebastian.Caldwell@azdummy.onmicrosoft.com,Sebastian Caldwell,8N\whrOb%Lge-Fy,Yes,Sebastian,Caldwell,Employee,Legal,US,444 Filbert Thruway,WY,US,,Amsterdam,00000,751-924-4269,600-640-9128
Thanh.Gentry@azdummy.onmicrosoft.com,Thanh Gentry,F~uR&{t[4/lr78|,Yes,Thanh,Gentry,Employee,Development,US,1267 Rockdale Drive,AL,US,,Marysville,00000,830-857-9778,877-199-5781
Manuel.Dale@azdummy.onmicrosoft.com,Manuel Dale,V'u$j{\%Hmm|vmH,Yes,Manuel,Dale,Employee,Marketing,US,1263 Ramsel Crescent,FL,US,,Kentwood,00000,143-824-3203,721-049-5578
Sharilyn.Blanchard@azdummy.onmicrosoft.com,Sharilyn Blanchard,\h%y;x8#[ED90jY,Yes,Sharilyn,Blanchard,Employee,Accounting,US,446 Restani Line,NJ,US,,Yakima,00000,446-771-7961,421-573-2713
Micheline.Cochran@azdummy.onmicrosoft.com,Micheline Cochran,]$=UgZEF19\~>7~,Yes,Micheline,Cochran,Employee,Marketing,US,266 Starr King Mall,CT,US,,Martinez,00000,732-539-4133,897-032-2424
Arlie.Velez@azdummy.onmicrosoft.com,Arlie Velez,ED0CAr&`NVye3Tu,Yes,Arlie,Velez,Employee,Human Resources,US,862 Stanton Parkway,OK,US,,Shawnee,00000,932-735-8362,737-124-6513
Minta.Dunlap@azdummy.onmicrosoft.com,Minta Dunlap,"4<0T&q2q'7K,C!O",Yes,Minta,Dunlap,Employee,Human Resources,US,781 Bannock Loop,ID,US,,Santa Paula,00000,015-909-8945,152-715-0778
Marshall.Sparks@azdummy.onmicrosoft.com,Marshall Sparks,"B\@dNP?R5wtW""qN",Yes,Marshall,Sparks,Employee,Sales,US,1015 Fell Trace,AZ,US,,Urbandale,00000,176-608-2897,693-924-3242
Jadwiga.Gates@azdummy.onmicrosoft.com,Jadwiga Gates,"60i""LM\=-5$/tJk",Yes,Jadwiga,Gates,Employee,IT,US,962 Stanton Bend,MD,US,,American Fork,00000,271-855-0130,584-859-8553
Wes.Pope@azdummy.onmicrosoft.com,Wes Pope,_(L}T\#9i~Nw9cx,Yes,Wes,Pope,Employee,Production,US,167 Graystone Run,MD,US,,Park Ridge,00000,831-449-4008,011-431-8805
Alphonse.Hamilton@azdummy.onmicrosoft.com,Alphonse Hamilton,T/l0:#6'M)'}6IO,Yes,Alphonse,Hamilton,Employee,Accounting,US,462 Font Gate,AR,US,,Mansfield,00000,856-903-9890,306-878-4828
Roland.Solis@azdummy.onmicrosoft.com,Roland Solis,"She~m6H1[`""N""~:",Yes,Roland,Solis,Employee,Production,US,196 Hill Private,OH,US,,Costa Mesa,00000,816-116-4975,109-416-8986
Wilburn.Aguilar@azdummy.onmicrosoft.com,Wilburn Aguilar,E@mv8m_@ji^zXgc,Yes,Wilburn,Aguilar,Employee,Human Resources,US,327 Lapham Plantation,FL,US,,Mukilteo,00000,361-428-3010,051-704-4123
Manda.Alford@azdummy.onmicrosoft.com,Manda Alford,"x.""h=1$:QY,jNu^",Yes,Manda,Alford,Employee,Accounting,US,758 Darien Highway,IL,US,,Kiryas Joel,00000,177-421-5258,180-663-0847
Melany.Holmes@azdummy.onmicrosoft.com,Melany Holmes,n2\F27*ICRMtd$!,Yes,Melany,Holmes,Employee,Sales,US,741 Payson Ferry,NJ,US,,Centennial,00000,381-394-2432,342-724-9356
Mica.Vasquez@azdummy.onmicrosoft.com,Mica Vasquez,2\BOi|6~8/G_d\^,Yes,Mica,Vasquez,Employee,Sales,US,933 Garfield Stravenue,WY,US,,University Place,00000,173-526-2715,793-220-1672
Willodean.Casey@azdummy.onmicrosoft.com,Willodean Casey,"XwLd-hTb`]rg%h,",Yes,Willodean,Casey,Employee,Accounting,US,551 Avila Hill,AK,US,,Rancho Cucamonga,00000,323-676-2602,689-696-3852
Gabriel.Joyner@azdummy.onmicrosoft.com,Gabriel Joyner,[jj;-)a)|WJR9e],Yes,Gabriel,Joyner,Employee,Development,US,1038 Hilton Concession road,IA,US,,Atwater,00000,547-045-9835,622-073-3307
Gita.Craft@azdummy.onmicrosoft.com,Gita Craft,-hej!c9D!XnaggS,Yes,Gita,Craft,Employee,Development,US,621 Hudson Plaza,IL,US,,Laguna Hills,00000,450-935-6252,615-526-0830
Fidela.Holden@azdummy.onmicrosoft.com,Fidela Holden,"pmx}!D`vSV:5""sd",Yes,Fidela,Holden,Employee,Sales,US,526 Waterloo Stravenue,KY,US,,Williamsport,00000,240-741-5300,525-922-6582
Rosio.Mcmillan@azdummy.onmicrosoft.com,Rosio Mcmillan,"0wA,zT+K.gg/Jnb",Yes,Rosio,Mcmillan,Employee,Marketing,US,177 Edinburgh Wynd,KS,US,,Manitowoc,00000,661-217-4004,701-880-9027
Camie.Carver@azdummy.onmicrosoft.com,Camie Carver,Y0G#U$*@'5U$Bx:,Yes,Camie,Carver,Employee,Customer Service,US,1101 Roosevelt Gate,NY,US,,Claremore,00000,900-584-2681,520-731-5445
Yuk.Cervantes@azdummy.onmicrosoft.com,Yuk Cervantes,dZLPal$H(%3HOri,Yes,Yuk,Cervantes,Employee,Production,US,1257 Winthrop High Street,AK,US,,Atlanta,00000,085-552-2041,734-527-7785
Jeanett.Hoover@azdummy.onmicrosoft.com,Jeanett Hoover,'nHT@X*ycobfB}l,Yes,Jeanett,Hoover,Employee,Customer Service,US,673 Esmeralda Path,VT,US,,Inglewood,00000,078-558-1179,282-313-0555
Arianne.Pace@azdummy.onmicrosoft.com,Arianne Pace,-$l]plZ)oe0>zXD,Yes,Arianne,Pace,Employee,IT,US,824 Hare Square,MN,US,,Lacey,00000,950-071-0243,059-109-9652
Denny.Mcdonald@azdummy.onmicrosoft.com,Denny Mcdonald,VWKrtQ`myolEqft,Yes,Denny,Mcdonald,Employee,Production,US,325 Milton I Ross Extension,IA,US,,Adrian,00000,266-388-7827,637-074-1264
Michel.Branch@azdummy.onmicrosoft.com,Michel Branch,cu9~{D!ezeOLp2%,Yes,Michel,Branch,Employee,Development,US,253 Farnum Loop,UT,US,,Panama City,00000,793-623-7049,774-384-2544
Risa.Bird@azdummy.onmicrosoft.com,Risa Bird,q6H+bwxgMd-w/1k,Yes,Risa,Bird,Employee,Development,US,540 Sea View Ferry,MA,US,,Rock Springs,00000,740-145-6536,886-413-3315
Nevada.Maddox@azdummy.onmicrosoft.com,Nevada Maddox,",]QmltU5D^:%;*{",Yes,Nevada,Maddox,Employee,Production,US,343 Plaza Parade,WV,US,,Buena Park,00000,559-062-0222,351-535-1138
Denny.Kelly@azdummy.onmicrosoft.com,Denny Kelly,c`FZdP>=KwpR)V1,Yes,Denny,Kelly,Employee,IT,US,1166 Conservatory Access Green,NH,US,,Baldwin Park,00000,727-454-0132,273-746-2206
Jolyn.Kirby@azdummy.onmicrosoft.com,Jolyn Kirby,FSg9XQzo17GyfnW,Yes,Jolyn,Kirby,Employee,Production,US,925 Hamilton Plaza,MO,US,,Middletown,00000,221-736-7403,771-900-1951
Clementina.Levy@azdummy.onmicrosoft.com,Clementina Levy,"gS&T]N-L-VXO,4\",Yes,Clementina,Levy,Employee,Supply,US,964 Terry A Francois Gate,KY,US,,Winchester,00000,682-345-0667,739-673-5246
Pauletta.Mclean@azdummy.onmicrosoft.com,Pauletta Mclean,"LSByPng?O:;@""b(",Yes,Pauletta,Mclean,Employee,Marketing,US,1340 Lloyd Parade,CT,US,,Thomasville,00000,220-581-8921,927-646-0801
Jovan.Robbins@azdummy.onmicrosoft.com,Jovan Robbins,"\U""Sc|Us6U\u&*G",Yes,Jovan,Robbins,Employee,Accounting,US,374 Rondel Highway,NM,US,,Palatine,00000,433-070-2545,844-649-5995
Randall.Kinney@azdummy.onmicrosoft.com,Randall Kinney,+vnqA+w|<#BBqs2,Yes,Randall,Kinney,Employee,Development,US,1168 Safira Plaza,SD,US,,Springville,00000,149-682-2562,131-692-4108
Jeremy.Garrison@azdummy.onmicrosoft.com,Jeremy Garrison,}Lm/Wv$qf_i^YzF,Yes,Jeremy,Garrison,Employee,Development,US,551 Rausch Glen,UT,US,,Englewood,00000,909-393-1663,541-338-0437
Scottie.Gilbert@azdummy.onmicrosoft.com,Scottie Gilbert,jheNS+1?j.53S5k,Yes,Scottie,Gilbert,Employee,Sales,US,909 Amatury Park,WY,US,,North Chicago,00000,377-440-0278,998-373-9142
Joya.Cooper@azdummy.onmicrosoft.com,Joya Cooper,0mMgfhIG9/oY3ns,Yes,Joya,Cooper,Employee,IT,US,138 Mccormick Mall,ME,US,,Jamestown,00000,858-478-3437,536-827-3027
Devin.Valdez@azdummy.onmicrosoft.com,Devin Valdez,"\<^#4&&Xv""#P4C=",Yes,Devin,Valdez,Employee,Human Resources,US,1242 Judson Square,KS,US,,Sandy Springs,00000,327-563-4815,817-319-5717
Grant.O'brien@azdummy.onmicrosoft.com,Grant O'brien,COZ{mlQh5]Fb)GG,Yes,Grant,O'brien,Employee,Production,US,1106 Badger Place,OH,US,,DeKalb,00000,178-758-0827,650-428-9292
Rigoberto.Henderson@azdummy.onmicrosoft.com,Rigoberto Henderson,(9e^GQsg2?L^rnb,Yes,Rigoberto,Henderson,Employee,Customer Service,US,1306 Chinook Boulevard,KY,US,,Crestview,00000,085-470-8233,382-461-5267
Gordon.Chaney@azdummy.onmicrosoft.com,Gordon Chaney,"iybi}f""BZnCQ#Je",Yes,Gordon,Chaney,Employee,IT,US,329 Moss Plantation,GA,US,,Delray Beach,00000,084-884-8617,856-048-1184
Jetta.Patel@azdummy.onmicrosoft.com,Jetta Patel,NbYf(<x(kaHw_+&,Yes,Jetta,Patel,Employee,Development,US,62 Incinerator Extension,MA,US,,Loveland,00000,938-845-2623,152-501-1220
Priscila.Ruiz@azdummy.onmicrosoft.com,Priscila Ruiz,k$4yF$KegfVG%uL,Yes,Priscila,Ruiz,Employee,Development,US,1143 Madera Parade,OK,US,,Loveland,00000,925-602-3971,507-624-9968
Kayleigh.Dejesus@azdummy.onmicrosoft.com,Kayleigh Dejesus,"rF])L8%g8ckJ!""P",Yes,Kayleigh,Dejesus,Employee,Human Resources,US,64 Burns Circle,CA,US,,Wyoming,00000,883-245-8030,298-474-0723
Willow.Ford@azdummy.onmicrosoft.com,Willow Ford,/Iq%xr}}0X[rCec,Yes,Willow,Ford,Employee,Customer Service,US,1039 Converse Circle,MN,US,,Rocky Mount,00000,098-993-2395,242-904-5791
Lamar.Wooten@azdummy.onmicrosoft.com,Lamar Wooten,J5(daTE[Kc1/Dq@,Yes,Lamar,Wooten,Employee,Production,US,1349 Judah Route,WV,US,,Johnstown,00000,419-649-2629,135-574-4187
Darrick.Atkinson@azdummy.onmicrosoft.com,Darrick Atkinson,hzERI'd_Ww+MJH6,Yes,Darrick,Atkinson,Employee,Development,US,440 Hampshire Path,NM,US,,North Ridgeville,00000,733-785-5559,311-921-5333
Cecila.Melton@azdummy.onmicrosoft.com,Cecila Melton,'ZqRhBYqW<`{@62,Yes,Cecila,Melton,Employee,Production,US,714 Letterman Hospital Access Field,NJ,US,,Fountain Hills,00000,318-078-0657,739-440-9447
Marlin.Hull@azdummy.onmicrosoft.com,Marlin Hull,xMv_OKD::~w#A@(,Yes,Marlin,Hull,Employee,Accounting,US,528 Elizabeth Bend,AL,US,,Blacksburg,00000,597-101-1224,334-209-7174
Luther.Booker@azdummy.onmicrosoft.com,Luther Booker,"L~64nrm2hQ%fG""d",Yes,Luther,Booker,Employee,Marketing,US,768 Rosella Sideline,VA,US,,Ponca City,00000,847-552-7413,818-544-6155
Mitsue.Joyner@azdummy.onmicrosoft.com,Mitsue Joyner,"W'VQ1_,+i=yr-+a",Yes,Mitsue,Joyner,Employee,Human Resources,US,322 Williams Loop,MS,US,,Prescott Valley,00000,893-280-7701,952-048-0399
Arlie.West@azdummy.onmicrosoft.com,Arlie West,ws`m23TM~P!TwyF,Yes,Arlie,West,Employee,Sales,US,80 South Hill Loop,NC,US,,Gaithersburg,00000,082-652-5345,113-321-1150
Shirely.Sargent@azdummy.onmicrosoft.com,Shirely Sargent,lqLCgdqwX&(Hcb4,Yes,Shirely,Sargent,Employee,Legal,US,525 Gardener Drung,MI,US,,South Plainfield,00000,630-193-1898,277-654-7158
Darcel.Alexander@azdummy.onmicrosoft.com,Darcel Alexander,&tTCjyo5S3X2Q.5,Yes,Darcel,Alexander,Employee,Human Resources,US,326 Natoma Plantation,WI,US,,Racine,00000,328-880-0346,214-953-5670
Trevor.Hernandez@azdummy.onmicrosoft.com,Trevor Hernandez,0+5Al7szlc{]Uyk,Yes,Trevor,Hernandez,Employee,Development,US,144 Spofford Gardens,NC,US,,New Braunfels,00000,236-308-6054,488-808-3809
James.Bass@azdummy.onmicrosoft.com,James Bass,l\JOZUNAL%O]7u4,Yes,James,Bass,Employee,IT,US,745 Oxford Circle,CA,US,,Fredericksburg,00000,646-520-4132,268-300-2849
Arletta.Mcdowell@azdummy.onmicrosoft.com,Arletta Mcdowell,/t=PMNZp:`?[t~u,Yes,Arletta,Mcdowell,Employee,Production,US,249 St. Paul Street-Calvert Crescent,KY,US,,Aventura,00000,432-849-9050,745-830-4472
Charles.Stout@azdummy.onmicrosoft.com,Charles Stout,Ul0>>'d5_4:L?$t,Yes,Charles,Stout,Employee,Supply,US,431 Battery Safford Sideline,ND,US,,Lackawanna,00000,130-760-1023,898-409-3431
Marquis.Curry@azdummy.onmicrosoft.com,Marquis Curry,|QXjo^#FpfvHqB*,Yes,Marquis,Curry,Employee,Supply,US,655 Shephard Route,PA,US,,Imperial Beach,00000,837-103-6043,802-166-0409
Elenora.Perkins@azdummy.onmicrosoft.com,Elenora Perkins,"(\~""6\tyv-64;0$",Yes,Elenora,Perkins,Employee,Legal,US,727 Mission Bay Esplanade,OK,US,,Beverly,00000,745-888-5014,422-286-5799
Parker.Rutledge@azdummy.onmicrosoft.com,Parker Rutledge,q|=&d)/kP|6Tfnr,Yes,Parker,Rutledge,Employee,Legal,US,792 Ramsell Parkway,MT,US,,Orlando,00000,751-247-0844,748-449-4579
Melvin.Chaney@azdummy.onmicrosoft.com,Melvin Chaney,L4vF;#{IN`SIZ{a,Yes,Melvin,Chaney,Employee,Human Resources,US,274 Deems Street,ME,US,,Las Cruces,00000,651-037-0547,430-394-5156
Carlos.Schultz@azdummy.onmicrosoft.com,Carlos Schultz,"H-NoUr""Fj_C?xo.",Yes,Carlos,Schultz,Employee,Customer Service,US,407 Stern Grove Drung,CA,US,,Arcata,00000,030-026-1005,986-558-9170
Tamica.O'neill@azdummy.onmicrosoft.com,Tamica O'neill,ju5H=%D).@7MH1`,Yes,Tamica,O'neill,Employee,Sales,US,1219 Crestwell Crescent,VT,US,,El Cerrito,00000,379-471-7851,793-768-9467
Laverna.Shaffer@azdummy.onmicrosoft.com,Laverna Shaffer,"n_C{U8K27P=f,Hv",Yes,Laverna,Shaffer,Employee,Customer Service,US,389 Naylor Private,OH,US,,Greenacres,00000,528-349-1438,087-679-0401
Alvin.Norton@azdummy.onmicrosoft.com,Alvin Norton,",x%]~=Fb5=fv1%D",Yes,Alvin,Norton,Employee,Marketing,US,881 Miller Cove,VA,US,,Xenia,00000,020-186-8508,308-442-2079
Lourie.Paul@azdummy.onmicrosoft.com,Lourie Paul,Tm6!C^u=HQ52zi\,Yes,Lourie,Paul,Employee,Marketing,US,477 Lily Trail,TN,US,,Ottawa,00000,443-281-3172,175-133-3154
Garfield.Garner@azdummy.onmicrosoft.com,Garfield Garner,wII3Yv5>^LVmO[>,Yes,Garfield,Garner,Employee,Production,US,1213 Hartford Hill,SD,US,,Denison,00000,497-895-4551,842-142-1740
Lenard.Stone@azdummy.onmicrosoft.com,Lenard Stone,"9UrC3VBRR(XYxc,",Yes,Lenard,Stone,Employee,Supply,US,465 Norwich Parkway,OK,US,,Inglewood,00000,982-536-4649,163-219-1433
Laree.Gillespie@azdummy.onmicrosoft.com,Laree Gillespie,Mu#or/ME<!w.E?D,Yes,Laree,Gillespie,Employee,Accounting,US,1055 East Expressway,AZ,US,,Winona,00000,267-324-2106,969-215-3078
Ray.Cotton@azdummy.onmicrosoft.com,Ray Cotton,~JggG{~\-y8-vw_,Yes,Ray,Cotton,Employee,Supply,US,811 Lunado Street,AL,US,,Glenview,00000,465-293-9156,801-250-7440
Eugenio.Larsen@azdummy.onmicrosoft.com,Eugenio Larsen,"l,ux""-d+1/k&dXN",Yes,Eugenio,Larsen,Employee,Human Resources,US,1016 Jennings Green,NH,US,,Rocky Mount,00000,148-962-2882,520-729-0106
Berneice.Kirkland@azdummy.onmicrosoft.com,Berneice Kirkland,h[]jk/jvHBA6RGZ,Yes,Berneice,Kirkland,Employee,Development,US,813 Reddy High Street,MD,US,,Fayetteville,00000,576-592-2660,940-950-2014
Linwood.Blankenship@azdummy.onmicrosoft.com,Linwood Blankenship,h)^/vE:Q~?S-?S7,Yes,Linwood,Blankenship,Employee,Accounting,US,509 Carmelita Garden,OK,US,,Racine,00000,809-759-2277,386-069-2612
Morton.Gordon@azdummy.onmicrosoft.com,Morton Gordon,ZbG%3#Xzc7=`_*%,Yes,Morton,Gordon,Employee,Marketing,US,1101 Dellbrook Concession road,VA,US,,South Milwaukee,00000,100-505-3216,774-310-2693
Vertie.Woodward@azdummy.onmicrosoft.com,Vertie Woodward,"PjPNCJ""{g^.di[0",Yes,Vertie,Woodward,Employee,Customer Service,US,1239 Lillian Court,ID,US,,Lynwood,00000,770-135-4465,988-070-5064
Huong.Mckay@azdummy.onmicrosoft.com,Huong Mckay,9N/hkSoeW_:Y1oL,Yes,Huong,Mckay,Employee,IT,US,763 Avoca Highway,IL,US,,Delray Beach,00000,437-839-9833,847-152-8981
Refugio.Salas@azdummy.onmicrosoft.com,Refugio Salas,MwNvfJv65C~+;O{,Yes,Refugio,Salas,Employee,Customer Service,US,48 Royal Arcade,AL,US,,Whittier,00000,256-172-1073,760-353-3767
Rafael.Powers@azdummy.onmicrosoft.com,Rafael Powers,xWdp)F;S!G..vZP,Yes,Rafael,Powers,Employee,Production,US,670 Rolph Pike,GA,US,,Lisle,00000,740-446-1731,411-254-9270
Carisa.House@azdummy.onmicrosoft.com,Carisa House,I&?Aldjs+?qNZ+#,Yes,Carisa,House,Employee,Accounting,US,157 Capp Park,ID,US,,Deerfield Beach,00000,734-372-6558,934-931-8244
Roy.Huffman@azdummy.onmicrosoft.com,Roy Huffman,b+:w~-GK^MS9_BP,Yes,Roy,Huffman,Employee,IT,US,221 Beckett Concession road,TX,US,,Matteson,00000,764-576-0122,346-176-3862
Buford.Gibbs@azdummy.onmicrosoft.com,Buford Gibbs,-r&3\qJAXZ%?^sO,Yes,Buford,Gibbs,Employee,Accounting,US,973 Montecito Green,DE,US,,Charleston,00000,306-369-4748,566-808-4412
Sal.Pittman@azdummy.onmicrosoft.com,Sal Pittman,\aEkk;*^?J=F.]H,Yes,Sal,Pittman,Employee,Human Resources,US,106 Merritt Drive,AL,US,,Snellville,00000,173-713-1417,911-814-5167
Felipe.Hester@azdummy.onmicrosoft.com,Felipe Hester,1BlA5ObrCcgM2ra,Yes,Felipe,Hester,Employee,Human Resources,US,183 Easement Park,NV,US,,Lake Jackson,00000,921-438-3858,039-108-7633
Deon.Rollins@azdummy.onmicrosoft.com,Deon Rollins,X`Cl;8(A(lG$u'l,Yes,Deon,Rollins,Employee,Supply,US,951 State Drung,MT,US,,Fairfax,00000,736-843-6295,799-720-4617
Eladia.Hardin@azdummy.onmicrosoft.com,Eladia Hardin,"D""uwCCX;+>e%v,h",Yes,Eladia,Hardin,Employee,Production,US,1026 Birch Trail,AK,US,,Richland,00000,392-417-8805,490-262-6549
Ronny.Koch@azdummy.onmicrosoft.com,Ronny Koch,=]h|>[B_39XVrPh,Yes,Ronny,Koch,Employee,Human Resources,US,402 Ruger Turnpike,MI,US,,Baldwin Park,00000,228-755-8148,316-517-3541
Wei.Saunders@azdummy.onmicrosoft.com,Wei Saunders,snZk@e:ul=un%ZJ,Yes,Wei,Saunders,Employee,Sales,US,14 Nevada Terrace,AZ,US,,St. Clair Shores,00000,020-021-3294,053-028-2974
Arianne.Sosa@azdummy.onmicrosoft.com,Arianne Sosa,>UTn8D)27u6r}VK,Yes,Arianne,Sosa,Employee,Development,US,713 Thrift Gate,AR,US,,Ferguson,00000,274-281-4162,140-394-1754
Shaniqua.Vaughan@azdummy.onmicrosoft.com,Shaniqua Vaughan,"ZCs""Hh#5$PBjy}U",Yes,Shaniqua,Vaughan,Employee,Customer Service,US,298 Jules Lane,VA,US,,Reedley,00000,252-969-6657,125-103-2460
Katelin.Dawson@azdummy.onmicrosoft.com,Katelin Dawson,e0nVBGsH>9d;RNb,Yes,Katelin,Dawson,Employee,IT,US,104 Brazil Sideline,TX,US,,Huntington,00000,820-217-6379,139-856-3079
Bryon.Rich@azdummy.onmicrosoft.com,Bryon Rich,"""E:{fW`Z`wL-PIt",Yes,Bryon,Rich,Employee,Marketing,US,319 East Beach Lane,MT,US,,Libertyville,00000,506-388-7290,754-757-6878
Joesph.Beard@azdummy.onmicrosoft.com,Joesph Beard,"Zh|hM&<S""!;e[F'",Yes,Joesph,Beard,Employee,Production,US,110 Vasquez Stravenue,AK,US,,Niagara Falls,00000,562-114-3655,719-932-4217
Gretta.Bernard@azdummy.onmicrosoft.com,Gretta Bernard,"""JJAmGn)s%sq""%}",Yes,Gretta,Bernard,Employee,Production,US,246 Aloha Lane,DE,US,,Lawrence,00000,928-151-7617,799-356-3817
Sylvester.Horn@azdummy.onmicrosoft.com,Sylvester Horn,"w=.r'{638%jbJ$""",Yes,Sylvester,Horn,Employee,Human Resources,US,947 Capp Promenade,DE,US,,Carol Stream,00000,616-504-6883,589-979-4129
Scottie.Franco@azdummy.onmicrosoft.com,Scottie Franco,&n#$RJcLN@y+}>a,Yes,Scottie,Franco,Employee,Sales,US,135 Compton Cove,NE,US,,Santa Clarita,00000,220-205-6414,386-304-0770
Hang.Garrison@azdummy.onmicrosoft.com,Hang Garrison,";f""PdKRHS>-#'E8",Yes,Hang,Garrison,Employee,Human Resources,US,537 De Haro Concession road,MS,US,,Fort Myers,00000,300-014-4104,083-865-7993
Yung.Lynch@azdummy.onmicrosoft.com,Yung Lynch,"1""M_u5a@hPBcSPf",Yes,Yung,Lynch,Employee,Accounting,US,985 Selby Wynd,KY,US,,Surprise,00000,643-377-6286,573-962-1288
Aja.Serrano@azdummy.onmicrosoft.com,Aja Serrano,-1!%uRFTc1eYmk&,Yes,Aja,Serrano,Employee,Accounting,US,677 Frank Norris Heights,MA,US,,Lisle,00000,037-372-4832,314-776-2154
Tarah.Turner@azdummy.onmicrosoft.com,Tarah Turner,>;pf`F[89kl}4:],Yes,Tarah,Turner,Employee,Development,US,250 Peek Cove,TX,US,,Oregon City,00000,287-674-7002,541-912-4914
Williams.Simmons@azdummy.onmicrosoft.com,Williams Simmons,^#`LD3np%#C;a}H,Yes,Williams,Simmons,Employee,Legal,US,566 Digby Gardens,SD,US,,Andover,00000,892-607-9153,958-394-0728
Otis.Barton@azdummy.onmicrosoft.com,Otis Barton,g$GzjIQM#ddAH6n,Yes,Otis,Barton,Employee,Sales,US,800 Ford Row,OK,US,,Brentwood,00000,105-655-8775,615-847-6245
Rosann.Cash@azdummy.onmicrosoft.com,Rosann Cash,<zJ|_aKdVQ!H~}(,Yes,Rosann,Cash,Employee,Production,US,206 Avenue C Mall,WA,US,,Davis,00000,915-048-3810,306-838-9995
Julene.Cunningham@azdummy.onmicrosoft.com,Julene Cunningham,"j{u;q@,:uWx9o&H",Yes,Julene,Cunningham,Employee,Customer Service,US,911 Boutwell Private,NC,US,,Pinole,00000,071-753-8401,242-113-4662
Antonina.Marsh@azdummy.onmicrosoft.com,Antonina Marsh,Il+vmg%(V~F>?eF,Yes,Antonina,Marsh,Employee,Legal,US,9 Lawton Mall,CA,US,,Leander,00000,528-688-0240,331-628-6512
Herschel.Morales@azdummy.onmicrosoft.com,Herschel Morales,"Yj`--63;?_~"".Ey",Yes,Herschel,Morales,Employee,Sales,US,170 Everglade Promenade,MD,US,,Macon,00000,252-415-8439,733-863-8997
Aiko.Little@azdummy.onmicrosoft.com,Aiko Little,5`q7xV'UE%mlc!_,Yes,Aiko,Little,Employee,Human Resources,US,1292 Post Parkway,KY,US,,Oceanside,00000,675-568-4056,111-216-9977
Alvaro.Wong@azdummy.onmicrosoft.com,Alvaro Wong,fh$iJ%X^%4H].0#,Yes,Alvaro,Wong,Employee,Marketing,US,878 Towerside Road,ME,US,,Gladstone,00000,986-868-5866,262-441-0175
Tatum.Cote@azdummy.onmicrosoft.com,Tatum Cote,f2.WyNbZxfTHoIr,Yes,Tatum,Cote,Employee,Development,US,780 High Cove,IL,US,,Lake Elsinore,00000,896-729-9485,227-680-4909
Flo.Tucker@azdummy.onmicrosoft.com,Flo Tucker,xC0$nJf/?BV$\in,Yes,Flo,Tucker,Employee,Accounting,US,455 Appleton Gardens,VT,US,,Angleton,00000,899-106-3400,935-698-5599
Paris.Hammond@azdummy.onmicrosoft.com,Paris Hammond,Ess`JV0SzZJLX0B,Yes,Paris,Hammond,Employee,Supply,US,274 Soule Bend,SD,US,,Palatine,00000,104-244-7234,005-900-0068
Claud.Gay@azdummy.onmicrosoft.com,Claud Gay,a{c=VwmeF6=wcG[,Yes,Claud,Gay,Employee,Legal,US,619 Avery Gate,IA,US,,Chickasha,00000,677-218-2808,915-274-7362
Reed.Schroeder@azdummy.onmicrosoft.com,Reed Schroeder,9;&&8wZ$F:slp$R,Yes,Reed,Schroeder,Employee,Development,US,726 Sanches Stravenue,FL,US,,Covington,00000,549-448-0756,106-490-9313
Prince.Carson@azdummy.onmicrosoft.com,Prince Carson,"&6eVjXZ/e8h,{,E",Yes,Prince,Carson,Employee,Development,US,1049 States Expressway,WI,US,,Brook Park,00000,109-378-1181,523-375-8465
Toshiko.Fernandez@azdummy.onmicrosoft.com,Toshiko Fernandez,"kGbq_VqgO,6mfhZ",Yes,Toshiko,Fernandez,Employee,Sales,US,1023 Enterprise Bypass,MT,US,,Manchester,00000,094-102-5421,325-788-5006
Daniell.Morrison@azdummy.onmicrosoft.com,Daniell Morrison,~)X=5v8$k[bj?U2,Yes,Daniell,Morrison,Employee,Human Resources,US,355 Terra Vista Wynd,MA,US,,La Quinta,00000,351-449-0318,381-870-4705
Derick.Clarke@azdummy.onmicrosoft.com,Derick Clarke,.a)l-[>3%]w]'v9,Yes,Derick,Clarke,Employee,Customer Service,US,315 Yorba Annex,AL,US,,Lawrenceville,00000,102-173-3727,910-978-8689
Edda.Kirk@azdummy.onmicrosoft.com,Edda Kirk,"?yjA*H\eF#S\,J>",Yes,Edda,Kirk,Employee,Production,US,1110 San Andreas Sideline,PA,US,,Leawood,00000,094-760-6679,454-975-4723
Petrina.Mccall@azdummy.onmicrosoft.com,Petrina Mccall,5HFo#2N5drhmr<j,Yes,Petrina,Mccall,Employee,Development,US,1107 Seventh Highway,GA,US,,Sterling Heights,00000,653-603-4361,256-128-3461
Myron.Lambert@azdummy.onmicrosoft.com,Myron Lambert,34/fM;yBmP[HI1G,Yes,Myron,Lambert,Employee,Marketing,US,236 Rio Verde Loop,WY,US,,Cornelius,00000,958-485-3598,964-403-3573
Maricruz.Townsend@azdummy.onmicrosoft.com,Maricruz Townsend,bQvGz=46hmryvB],Yes,Maricruz,Townsend,Employee,Marketing,US,1057 Delancey Annex,LA,US,,Hilliard,00000,200-788-9821,490-840-5904
Frederick.Mccormick@azdummy.onmicrosoft.com,Frederick Mccormick,h1KP:`x!dR(M[5a,Yes,Frederick,Mccormick,Employee,Legal,US,1392 Borica Bay,NH,US,,Garden Grove,00000,906-447-3123,985-006-6519
Maybell.Benjamin@azdummy.onmicrosoft.com,Maybell Benjamin,gn!0YXXCdcbwC+X,Yes,Maybell,Benjamin,Employee,Supply,US,910 Music Concourse Access Mall,NM,US,,Searcy,00000,125-297-6164,715-897-2820
Izola.Golden@azdummy.onmicrosoft.com,Izola Golden,:!TQUh5X$!:^>^\,Yes,Izola,Golden,Employee,Supply,US,1332 Franconia Lane,AZ,US,,Wilmington,00000,404-837-9591,558-144-3912
Rutha.Gentry@azdummy.onmicrosoft.com,Rutha Gentry,"&1[q;J[p#h,&.d=",Yes,Rutha,Gentry,Employee,Accounting,US,504 Skyview Run,NY,US,,Hopkins,00000,015-099-2478,888-932-0916
Demetrice.Shelton@azdummy.onmicrosoft.com,Demetrice Shelton,B4yoAE>Mq7|=;g7,Yes,Demetrice,Shelton,Employee,Production,US,610 Persia Hill,ND,US,,Bethlehem,00000,580-646-4577,397-008-6793
Remedios.Gilbert@azdummy.onmicrosoft.com,Remedios Gilbert,yQj{[0>AN2*C{S+,Yes,Remedios,Gilbert,Employee,Development,US,247 Southern Heights Expressway,LA,US,,Fairview Heights,00000,883-007-0137,183-384-7015
Twanda.Barber@azdummy.onmicrosoft.com,Twanda Barber,@'0_IP4P{'gI\BZ,Yes,Twanda,Barber,Employee,Legal,US,267 Lundys Green,ME,US,,West Des Moines,00000,090-488-4420,936-535-0218
Harrison.Davis@azdummy.onmicrosoft.com,Harrison Davis,"m)g[APV\]r,q""v.",Yes,Harrison,Davis,Employee,Sales,US,1175 Somerset Wynd,KS,US,,West Memphis,00000,799-286-5219,958-353-0392
Shad.Rogers@azdummy.onmicrosoft.com,Shad Rogers,3E_'E%.OCt=c18N,Yes,Shad,Rogers,Employee,Marketing,US,1377 Jewett Trace,KY,US,,Wayne,00000,849-655-2087,628-490-3052
Royce.O'neill@azdummy.onmicrosoft.com,Royce O'neill,pnW2u_`->@I11S\,Yes,Royce,O'neill,Employee,Customer Service,US,1015 Lurmont Terrace,MA,US,,Rockwall,00000,761-380-8361,529-438-7581
Terrilyn.Fulton@azdummy.onmicrosoft.com,Terrilyn Fulton,Zubq%eqZXv1Bn83,Yes,Terrilyn,Fulton,Employee,Marketing,US,182 Ames Grove,WA,US,,Glendora,00000,795-074-6618,342-617-8746
Cuc.Bryant@azdummy.onmicrosoft.com,Cuc Bryant,{1nxO1bcNsTe\B`,Yes,Cuc,Bryant,Employee,Human Resources,US,540 Egbert Drung,RI,US,,St. Charles,00000,365-275-0416,583-602-7554
Brynn.Thompson@azdummy.onmicrosoft.com,Brynn Thompson,1CC=<[\M~XP$N~r,Yes,Brynn,Thompson,Employee,Sales,US,215 George Road,CA,US,,Brawley,00000,363-219-8802,755-018-3272
Bernardine.Potter@azdummy.onmicrosoft.com,Bernardine Potter,MS|GBmz-.K1hnwt,Yes,Bernardine,Potter,Employee,Sales,US,1242 R Bend,DE,US,,Wilmette,00000,846-331-6498,721-244-7712
Jolyn.House@azdummy.onmicrosoft.com,Jolyn House,lom5cxbNW`m<zL:,Yes,Jolyn,House,Employee,Supply,US,177 James Field,IA,US,,Roselle,00000,195-510-5276,292-016-7228
Jae.Sheppard@azdummy.onmicrosoft.com,Jae Sheppard,=|=!iB+9e)'B?3`,Yes,Jae,Sheppard,Employee,Development,US,1145 Vinton Highway,AL,US,,Vacaville,00000,913-122-0514,108-210-6097
Williams.Landry@azdummy.onmicrosoft.com,Williams Landry,2YMH`qJx+8'O@}i,Yes,Williams,Landry,Employee,Development,US,1075 Ingalls Park,IL,US,,Arnold,00000,187-994-8169,804-058-0991
Verena.Vazquez@azdummy.onmicrosoft.com,Verena Vazquez,0S\A;LU|?w/Zv1j,Yes,Verena,Vazquez,Employee,Development,US,578 Tubbs Annex,RI,US,,Royal Oak,00000,717-903-9866,710-136-2272
Heide.Duffy@azdummy.onmicrosoft.com,Heide Duffy,cp/|7.-v\4yYgum,Yes,Heide,Duffy,Employee,Customer Service,US,787 Crook Bay,AL,US,,Farragut,00000,806-023-6708,046-428-6210
Hanh.Price@azdummy.onmicrosoft.com,Hanh Price,$\B=#!8OhRu^:%z,Yes,Hanh,Price,Employee,Human Resources,US,1118 Thorne Drive,MS,US,,San Jacinto,00000,125-052-0109,060-677-9377
Zachary.Bowen@azdummy.onmicrosoft.com,Zachary Bowen,[3c%[w:&>_R1\6E,Yes,Zachary,Bowen,Employee,Customer Service,US,1163 Naples Loop,HI,US,,Menasha,00000,763-362-2349,449-509-9549
Dale.Levy@azdummy.onmicrosoft.com,Dale Levy,"f))m+'7v|Xqo&""V",Yes,Dale,Levy,Employee,IT,US,478 Lawrence High Street,MO,US,,Hazel Park,00000,138-338-7898,201-838-9673
Euna.Ramos@azdummy.onmicrosoft.com,Euna Ramos,"3#{Kj1?88jsCw,8",Yes,Euna,Ramos,Employee,Production,US,1221 Dartmouth High Street,AL,US,,Layton,00000,975-185-8943,590-385-5095
Hassan.Rowland@azdummy.onmicrosoft.com,Hassan Rowland,wJCh!F[gO#*Psrh,Yes,Hassan,Rowland,Employee,Legal,US,385 Executive Park Close,FL,US,,Corsicana,00000,425-505-0616,327-790-0025
Rema.Sykes@azdummy.onmicrosoft.com,Rema Sykes,JU(TT!k]i[Cc^vy,Yes,Rema,Sykes,Employee,Legal,US,79 Turk Turnpike,ND,US,,New Bern,00000,966-202-2259,065-559-4652
Hermila.English@azdummy.onmicrosoft.com,Hermila English,"TbU##KhVdU/rrO""",Yes,Hermila,English,Employee,Human Resources,US,1185 Camellia Private,OR,US,,Winona,00000,824-290-1514,909-078-0987
Kendal.Underwood@azdummy.onmicrosoft.com,Kendal Underwood,7<C(WdgK`|<LSw|,Yes,Kendal,Underwood,Employee,Development,US,427 Lathrop Trail,IL,US,,New Albany,00000,015-739-8171,401-453-3994
Danilo.Hogan@azdummy.onmicrosoft.com,Danilo Hogan,KvkEUi/jzuRs/Kj,Yes,Danilo,Hogan,Employee,Accounting,US,1394 Belmont Hill,ID,US,,Batavia,00000,414-277-0202,323-957-7089
Clyde.Sharp@azdummy.onmicrosoft.com,Clyde Sharp,2c?Y\ld):o:$H1;,Yes,Clyde,Sharp,Employee,Production,US,945 Locksley Freeway,VA,US,,San Angelo,00000,884-821-5022,931-634-3679
Sharri.Nolan@azdummy.onmicrosoft.com,Sharri Nolan,(7NC.!yI<W]Jgr;,Yes,Sharri,Nolan,Employee,Marketing,US,1073 Seal Rock Garden,MA,US,,Coachella,00000,801-972-7201,279-262-2171
Jerrold.Andrews@azdummy.onmicrosoft.com,Jerrold Andrews,"jfbxHWc4Go,gY0!",Yes,Jerrold,Andrews,Employee,Human Resources,US,1182 Fisher Spur,MN,US,,Wilmington,00000,147-763-5082,414-111-8445
Minh.Clarke@azdummy.onmicrosoft.com,Minh Clarke,-G:6Y&D'-zZ[nt6,Yes,Minh,Clarke,Employee,Accounting,US,31 Mirabel Alley,OK,US,,Keene,00000,541-683-7139,015-897-9553
Sol.Collins@azdummy.onmicrosoft.com,Sol Collins,x6GR:FMCu`7/i5k,Yes,Sol,Collins,Employee,Production,US,559 Battery Dynamite Side road,MI,US,,Rexburg,00000,382-912-8975,580-418-7915
Marshall.Anderson@azdummy.onmicrosoft.com,Marshall Anderson,kX]3D*>\.:m/[75,Yes,Marshall,Anderson,Employee,Accounting,US,570 Russian Hill Brae,MO,US,,Pearland,00000,129-966-7920,949-900-1371
Jona.Williamson@azdummy.onmicrosoft.com,Jona Williamson,O@:VPHGx7Pe5*GH,Yes,Jona,Williamson,Employee,Accounting,US,1309 Birch Extension,MO,US,,Norco,00000,329-543-8097,702-171-8728
Santina.Conway@azdummy.onmicrosoft.com,Santina Conway,"hKc+C[A""_Uj4dsb",Yes,Santina,Conway,Employee,Development,US,58 Roscoe Bypass,MI,US,,Newburgh,00000,164-219-3204,934-161-3700
Madalene.Mendez@azdummy.onmicrosoft.com,Madalene Mendez,"<CjZ5\]j;Viu51""",Yes,Madalene,Mendez,Employee,Customer Service,US,1155 Norwich Parade,MS,US,,Rock Hill,00000,665-907-0456,128-040-7033
Rodolfo.Dean@azdummy.onmicrosoft.com,Rodolfo Dean,%OM+r&k[k)\.mCI,Yes,Rodolfo,Dean,Employee,Sales,US,601 Von Schmidt Parade,NJ,US,,Taunton,00000,860-584-0699,972-575-0929
Earleen.Collier@azdummy.onmicrosoft.com,Earleen Collier,jm[`0uYW]\uUG{j,Yes,Earleen,Collier,Employee,Development,US,399 Decatur Pike,CA,US,,Kinston,00000,974-462-2573,146-602-1306
Rogelio.Lamb@azdummy.onmicrosoft.com,Rogelio Lamb,JXp28>HNYw[>JxK,Yes,Rogelio,Lamb,Employee,Human Resources,US,718 The Block Heights,UT,US,,Caldwell,00000,943-042-8390,497-459-6416
Dani.Dickerson@azdummy.onmicrosoft.com,Dani Dickerson,dk5sG.Ka5LyD5-O,Yes,Dani,Dickerson,Employee,Human Resources,US,655 Arago Concession road,CT,US,,Burbank,00000,684-792-4280,359-879-4107
Edwin.Duffy@azdummy.onmicrosoft.com,Edwin Duffy,Q_vNFH6f]xf@nQD,Yes,Edwin,Duffy,Employee,Customer Service,US,1143 Cumberland Glen,NH,US,,Woodburn,00000,864-710-6618,063-109-8866
Roger.Calhoun@azdummy.onmicrosoft.com,Roger Calhoun,Tl|3L)b\~#oh(cv,Yes,Roger,Calhoun,Employee,Supply,US,927 Sabin Circle,ID,US,,Bartlett,00000,038-731-1648,311-286-1194
Deloras.Shannon@azdummy.onmicrosoft.com,Deloras Shannon,sQz5q|(7Yl^HhyT,Yes,Deloras,Shannon,Employee,IT,US,272 Nottingham Esplanade,IL,US,,Fairbanks,00000,073-970-2336,554-412-8713
Rusty.Potter@azdummy.onmicrosoft.com,Rusty Potter,tXsAm>):3]Wo/jS,Yes,Rusty,Potter,Employee,Legal,US,1153 Alemany Drive,LA,US,,Walla Walla,00000,987-794-0479,279-029-5302
Domingo.Marshall@azdummy.onmicrosoft.com,Domingo Marshall,T+s/L%bEIo1d-6F,Yes,Domingo,Marshall,Employee,Human Resources,US,978 Anza Glen,NY,US,,Oshkosh,00000,081-860-8738,080-502-7897
Lovetta.Mckinney@azdummy.onmicrosoft.com,Lovetta Mckinney,e9DxrX(wR9kC\U/,Yes,Lovetta,Mckinney,Employee,Marketing,US,1372 Nordhoff Boulevard,OR,US,,Sevierville,00000,643-523-9630,520-891-9747
Mariko.Robinson@azdummy.onmicrosoft.com,Mariko Robinson,qXA@oj?nq^tgKVM,Yes,Mariko,Robinson,Employee,Marketing,US,666 Lynch Extension,NH,US,,Pittsburgh,00000,148-355-7043,508-576-2228
Vennie.Winters@azdummy.onmicrosoft.com,Vennie Winters,H63dAuRh$M\N<y),Yes,Vennie,Winters,Employee,Production,US,290 Berkeley Promenade,ND,US,,Sherwood,00000,317-556-7061,371-117-1793
Janiece.Mckay@azdummy.onmicrosoft.com,Janiece Mckay,TS-1m?}^z@_Ea#>,Yes,Janiece,Mckay,Employee,Accounting,US,857 Lakeview Circle,IA,US,,Lewisville,00000,796-324-0240,939-229-6125
Cassey.Nguyen@azdummy.onmicrosoft.com,Cassey Nguyen,^Y8WAdA:c%o%;Fs,Yes,Cassey,Nguyen,Employee,Sales,US,227 Reardon Terrace,IA,US,,Milwaukee,00000,144-390-1819,271-298-8622
Lyla.George@azdummy.onmicrosoft.com,Lyla George,jX63LP{BQ0?CfSw,Yes,Lyla,George,Employee,IT,US,1207 Cambridge Run,HI,US,,Mansfield,00000,492-569-4099,322-062-5049
Eugene.Ray@azdummy.onmicrosoft.com,Eugene Ray,P`5S^@MwIYB_%t`,Yes,Eugene,Ray,Employee,Customer Service,US,238 Bromley Garden,PA,US,,Saratoga Springs,00000,920-231-8521,197-664-5220
Kit.Frazier@azdummy.onmicrosoft.com,Kit Frazier,Q3Cfu+92*l#2N`L,Yes,Kit,Frazier,Employee,Sales,US,263 Somerset Highway,MD,US,,Bethlehem,00000,170-497-8433,147-133-8673
Genaro.Washington@azdummy.onmicrosoft.com,Genaro Washington,ydQl#)|/?I%#3Q`,Yes,Genaro,Washington,Employee,Customer Service,US,920 Rosenkranz Field,AK,US,,Manteca,00000,107-084-4576,668-591-4437
Genevive.Perez@azdummy.onmicrosoft.com,Genevive Perez,"E""P4I\heJKioBxa",Yes,Genevive,Perez,Employee,IT,US,358 Locust Mall,WV,US,,Alice,00000,527-274-3995,951-605-3037
Refugio.Dyer@azdummy.onmicrosoft.com,Refugio Dyer,"$k$-fu4Xm%T%\,J",Yes,Refugio,Dyer,Employee,Development,US,1010 Hale Trail,FL,US,,Golden Valley,00000,467-881-7375,270-185-4288
Timothy.Price@azdummy.onmicrosoft.com,Timothy Price,R$eN8eV^|TwOq3*,Yes,Timothy,Price,Employee,Production,US,200 Egbert Townline,AL,US,,Haines City,00000,257-428-0410,835-786-5505
Wilfredo.Hernandez@azdummy.onmicrosoft.com,Wilfredo Hernandez,C!&qVbr36NZtHhN,Yes,Wilfredo,Hernandez,Employee,Customer Service,US,1371 San Ramon Viaduct,MO,US,,St. Louis,00000,550-567-3779,656-866-9221
Gordon.Griffith@azdummy.onmicrosoft.com,Gordon Griffith,uxv;QG%2X!n?qPt,Yes,Gordon,Griffith,Employee,Customer Service,US,774 Havenside Annex,CT,US,,Susanville,00000,828-051-7770,859-718-7236
Jetta.Whitaker@azdummy.onmicrosoft.com,Jetta Whitaker,DQ-!<^2jx3;!DP>,Yes,Jetta,Whitaker,Employee,Sales,US,1053 Fredson Townline,IN,US,,Dunedin,00000,410-265-1433,044-713-5136
Jess.Dejesus@azdummy.onmicrosoft.com,Jess Dejesus,P:P[nXQ&FIwA:UX,Yes,Jess,Dejesus,Employee,Accounting,US,252 Laussat Loop,MD,US,,Avon Lake,00000,716-109-4790,558-861-5278
Tad.Garrett@azdummy.onmicrosoft.com,Tad Garrett,P\A].HC#{R-eW@`,Yes,Tad,Garrett,Employee,Supply,US,922 Miraloma Nene,OK,US,,Cincinnati,00000,245-554-2354,657-497-1627
Jan.Holloway@azdummy.onmicrosoft.com,Jan Holloway,m=W\aemzEFxWB4t,Yes,Jan,Holloway,Employee,Development,US,1263 Clipper Cove,TN,US,,Georgetown,00000,029-679-8238,800-016-3312
Kristel.Mack@azdummy.onmicrosoft.com,Kristel Mack,``W>XM;g]%X2U\q,Yes,Kristel,Mack,Employee,Human Resources,US,48 Lakeshore Route,CO,US,,Superior,00000,339-684-8901,117-561-3987
Jonah.Andrews@azdummy.onmicrosoft.com,Jonah Andrews,f%}~w$y%zjJYRwa,Yes,Jonah,Andrews,Employee,Accounting,US,251 Burns Trail,SC,US,,Beaumont,00000,999-807-7348,534-090-3693
Lory.Mayo@azdummy.onmicrosoft.com,Lory Mayo,D)GbiCoB%dNKgQa,Yes,Lory,Mayo,Employee,Marketing,US,1087 Seward Terrace,GA,US,,Parma Heights,00000,191-248-6118,932-873-5860
Valery.Taylor@azdummy.onmicrosoft.com,Valery Taylor,h|Kdndm2jpu\aQD,Yes,Valery,Taylor,Employee,IT,US,566 Marietta Path,MI,US,,Crown Point,00000,150-763-2118,582-482-3462
Jadwiga.Holmes@azdummy.onmicrosoft.com,Jadwiga Holmes,21[/RnlJ8af#/5d,Yes,Jadwiga,Holmes,Employee,Marketing,US,271 Edgardo Brae,CT,US,,Mountain Brook,00000,327-650-1688,910-636-7443
Crissy.Saunders@azdummy.onmicrosoft.com,Crissy Saunders,"vG)/Ugm#Q$~,u~7",Yes,Crissy,Saunders,Employee,Legal,US,313 Kaplan Place,AZ,US,,Cottage Grove,00000,615-261-8212,806-301-5169
Annalisa.Dudley@azdummy.onmicrosoft.com,Annalisa Dudley,"`~@EA5N!""[_6._3",Yes,Annalisa,Dudley,Employee,Development,US,592 San Antonio Gate,VT,US,,Goshen,00000,643-653-1120,765-026-3077
Dalton.Meadows@azdummy.onmicrosoft.com,Dalton Meadows,5ixEp\8@[Bof|Z(,Yes,Dalton,Meadows,Employee,Production,US,1129 Hicks Garden,HI,US,,Caledonia,00000,032-644-9157,599-133-2814
Tammara.Foley@azdummy.onmicrosoft.com,Tammara Foley,"0""`8F7Gp^d^>$&.",Yes,Tammara,Foley,Employee,Marketing,US,1053 Saint Croix Highway,OH,US,,Corinth,00000,618-542-3045,668-172-5327
Ossie.Cash@azdummy.onmicrosoft.com,Ossie Cash,[JF5i'}/nt'JIrH,Yes,Ossie,Cash,Employee,IT,US,1258 Ellington Freeway,MO,US,,Harvey,00000,066-257-1453,097-929-8972
Stephen.Mendoza@azdummy.onmicrosoft.com,Stephen Mendoza,"GM;Cl`dcT=Pdw""{",Yes,Stephen,Mendoza,Employee,Accounting,US,508 Beachmont Terrace,WY,US,,Dothan,00000,210-237-8299,247-950-3864
Elizabeth.Hampton@azdummy.onmicrosoft.com,Elizabeth Hampton,A5e-=8qa;K~!/l#,Yes,Elizabeth,Hampton,Employee,Production,US,727 Marengo Trace,IL,US,,Ferndale,00000,728-327-0133,180-812-7808
Wilson.Hubbard@azdummy.onmicrosoft.com,Wilson Hubbard,@na@I`[>:i<]3/2,Yes,Wilson,Hubbard,Employee,Supply,US,1274 Bank Plantation,SD,US,,Glendale Heights,00000,756-458-6281,142-177-2538
Adan.Benton@azdummy.onmicrosoft.com,Adan Benton,EgD!vR&h\_VXBPO,Yes,Adan,Benton,Employee,Customer Service,US,75 Winding Bend,RI,US,,Riverton,00000,907-783-2580,614-869-8690
Terrilyn.Boyd@azdummy.onmicrosoft.com,Terrilyn Boyd,"b_Jlb""C}AI""ko<j",Yes,Terrilyn,Boyd,Employee,Marketing,US,11 Ritch Nene,CT,US,,Malden,00000,410-529-9197,419-847-7385
Ludivina.Decker@azdummy.onmicrosoft.com,Ludivina Decker,7@Bi[+TG{YV4/%m,Yes,Ludivina,Decker,Employee,Accounting,US,1120 Blairwood Green,IN,US,,Janesville,00000,707-455-0911,883-768-9223
Eugene.Mitchell@azdummy.onmicrosoft.com,Eugene Mitchell,"4u4""ID}WwBoi%d[",Yes,Eugene,Mitchell,Employee,Customer Service,US,246 Putnam Route,IN,US,,North Platte,00000,508-294-7958,926-700-2391
Corie.Parsons@azdummy.onmicrosoft.com,Corie Parsons,"""hZaLCs'C2[u4sc",Yes,Corie,Parsons,Employee,Accounting,US,431 Sawyer Annex,NV,US,,Anacortes,00000,337-878-5020,524-866-6266
Luis.Randolph@azdummy.onmicrosoft.com,Luis Randolph,"G+{$Es0}.g;=6""8",Yes,Luis,Randolph,Employee,Production,US,1064 Kissling Concession road,CT,US,,Hialeah,00000,263-390-5466,039-548-7493
Nida.Bray@azdummy.onmicrosoft.com,Nida Bray,uFoD)g*xSwm*+Kc,Yes,Nida,Bray,Employee,Human Resources,US,930 Jade Pike,VA,US,,Pleasant Hill,00000,236-030-7940,078-396-8450
Gerry.Salinas@azdummy.onmicrosoft.com,Gerry Salinas,c*dMkU&1xRyIdZ@,Yes,Gerry,Salinas,Employee,Development,US,960 East Fort Miley Garden,MT,US,,Seattle,00000,208-005-5004,165-727-5943
Ela.Acevedo@azdummy.onmicrosoft.com,Ela Acevedo,=>i68I7Gv_Upm$8,Yes,Ela,Acevedo,Employee,Production,US,979 Washburn Extension,VT,US,,Lee's Summit,00000,208-261-6323,663-111-3921
Ardath.Snider@azdummy.onmicrosoft.com,Ardath Snider,5sJ{u0x/RFB1%It,Yes,Ardath,Snider,Employee,Sales,US,831 Wilson Square,TX,US,,LaGrange,00000,416-482-0937,056-053-6824
Florentina.Barrett@azdummy.onmicrosoft.com,Florentina Barrett,"\hjbW$g]#,=QFR6",Yes,Florentina,Barrett,Employee,Development,US,456 West Broadway Parade,KY,US,,Sunnyvale,00000,215-069-6725,127-060-5358
Randall.Baker@azdummy.onmicrosoft.com,Randall Baker,H`Z*qGn(-M@^y8e,Yes,Randall,Baker,Employee,Human Resources,US,1208 Terra Vista Line,IA,US,,Mequon,00000,893-736-8681,724-230-5182
Florrie.Mcfarland@azdummy.onmicrosoft.com,Florrie Mcfarland,"""a=i<\6]5d(Q\nZ",Yes,Florrie,Mcfarland,Employee,Supply,US,594 San Rafael Gate,WV,US,,Henderson,00000,984-257-7290,772-145-2958
Carmen.Richmond@azdummy.onmicrosoft.com,Carmen Richmond,8E;<|<U{wbq8':%,Yes,Carmen,Richmond,Employee,Development,US,923 Simonds Highway,LA,US,,Sammamish,00000,914-258-0953,140-800-9897
Marshall.Baird@azdummy.onmicrosoft.com,Marshall Baird,*aBL%[-YS\I%6kZ,Yes,Marshall,Baird,Employee,IT,US,611 El Camino Del Mar Circle,MO,US,,Little Rock,00000,582-237-2339,802-274-6093
Heath.Gillespie@azdummy.onmicrosoft.com,Heath Gillespie,y~#%o%&$arH#/Pt,Yes,Heath,Gillespie,Employee,IT,US,301 Conkling Stravenue,MA,US,,Sanford,00000,705-392-6597,582-917-7939
Maxima.Osborne@azdummy.onmicrosoft.com,Maxima Osborne,oE^TmpKNp-F_i_e,Yes,Maxima,Osborne,Employee,Human Resources,US,1264 Genoa Path,WI,US,,Orland Park,00000,805-154-4102,002-364-2667
Kimberlie.Malone@azdummy.onmicrosoft.com,Kimberlie Malone,&})e_)yD+9F9m\L,Yes,Kimberlie,Malone,Employee,Marketing,US,570 Leo Ferry,AZ,US,,Savannah,00000,511-785-8439,136-873-3536
Qiana.Hale@azdummy.onmicrosoft.com,Qiana Hale,jImgOIW</:u$]ZJ,Yes,Qiana,Hale,Employee,Customer Service,US,202 Loma Vista Lane,SC,US,,Minot,00000,552-070-0260,434-092-8915
Keven.Stanley@azdummy.onmicrosoft.com,Keven Stanley,%!Zh5[&f;oYp.}(,Yes,Keven,Stanley,Employee,Accounting,US,311 Keith Terrace,GA,US,,Granite City,00000,709-918-5024,692-340-1534
Elenora.Blair@azdummy.onmicrosoft.com,Elenora Blair,~b~U7f\~--Y{6/o,Yes,Elenora,Blair,Employee,Supply,US,740 Roach Concession road,AL,US,,Edmond,00000,006-373-8291,019-303-0202
Armand.Richardson@azdummy.onmicrosoft.com,Armand Richardson,"?""#NFWBLhl)p:At",Yes,Armand,Richardson,Employee,Accounting,US,949 Graham Circle,WY,US,,North Charleston,00000,143-266-9841,695-769-6813
Janessa.Marshall@azdummy.onmicrosoft.com,Janessa Marshall,qXe?0rsI|4Jy;ya,Yes,Janessa,Marshall,Employee,Production,US,1181 Clifford Sideline,GA,US,,Puyallup,00000,833-292-2028,636-724-8374
Octavio.Sweeney@azdummy.onmicrosoft.com,Octavio Sweeney,OQ@wf;#7@+;N*e?,Yes,Octavio,Sweeney,Employee,Human Resources,US,277 Mccoppin Extension,AL,US,,Winona,00000,629-571-5441,028-275-1451
Nicol.Clark@azdummy.onmicrosoft.com,Nicol Clark,"/A\5S(B~V/]$""_1",Yes,Nicol,Clark,Employee,IT,US,36 Junior Viaduct,HI,US,,Montgomery,00000,869-007-1628,915-816-9323
Shaunta.Stevens@azdummy.onmicrosoft.com,Shaunta Stevens,">Y#,x;<7:l0F9k)",Yes,Shaunta,Stevens,Employee,Sales,US,1026 Francis Loop,UT,US,,Patterson,00000,760-620-5971,566-250-0837
Dion.Wall@azdummy.onmicrosoft.com,Dion Wall,",W>7D""8""KYh8SZ""",Yes,Dion,Wall,Employee,Supply,US,433 Crystal Grove,AZ,US,,Knoxville,00000,475-084-4620,026-878-5736
Lloyd.Rojas@azdummy.onmicrosoft.com,Lloyd Rojas,Vz~szuqPZL73aF[,Yes,Lloyd,Rojas,Employee,IT,US,1275 Daggett Grove,NJ,US,,Medford,00000,714-096-1232,881-231-7762
Royal.Morrison@azdummy.onmicrosoft.com,Royal Morrison,BNY]C@CU!BlBU>8,Yes,Royal,Morrison,Employee,Accounting,US,869 Touchard Gate,OK,US,,Broomfield,00000,758-622-8609,281-101-2913
Tameika.Clay@azdummy.onmicrosoft.com,Tameika Clay,"~7}UPBf""slC.cJD",Yes,Tameika,Clay,Employee,IT,US,869 Sickles Nene,WI,US,,Salinas,00000,237-458-2051,627-003-3952
Maria.Saunders@azdummy.onmicrosoft.com,Maria Saunders,z&5f7xAv~a?!c*f,Yes,Maria,Saunders,Employee,Customer Service,US,989 Mcdonald Expressway,UT,US,,San Marcos,00000,189-764-1983,200-838-1360
Willie.Joyner@azdummy.onmicrosoft.com,Willie Joyner,BmJQ5GY`l^J&lgU,Yes,Willie,Joyner,Employee,Production,US,1007 Mount Side road,WI,US,,Sidney,00000,702-717-5495,050-694-8175
Neil.Barker@azdummy.onmicrosoft.com,Neil Barker,Kg6>+6{}D+rdj8;,Yes,Neil,Barker,Employee,Marketing,US,585 Otis Sideline,OR,US,,Hickory,00000,630-283-4468,983-839-6793
Shawanna.Lang@azdummy.onmicrosoft.com,Shawanna Lang,&+5_[U2}~$k_Zdl,Yes,Shawanna,Lang,Employee,Legal,US,201 Glenhaven Parade,DE,US,,Shelbyville,00000,820-758-0731,411-837-1985
Colin.Joseph@azdummy.onmicrosoft.com,Colin Joseph,"Wm<pIZR2A43w&""\",Yes,Colin,Joseph,Employee,Sales,US,655 Villa Row,WV,US,,Cottage Grove,00000,918-986-2768,960-196-9235
Trey.Howe@azdummy.onmicrosoft.com,Trey Howe,"5$9\@='JhBs""kRP",Yes,Trey,Howe,Employee,Marketing,US,1294 Dichiera Field,SC,US,,Ellensburg,00000,787-061-8663,461-690-1949
Terrell.Nielsen@azdummy.onmicrosoft.com,Terrell Nielsen,riaN%QElcDpf-*],Yes,Terrell,Nielsen,Employee,Production,US,637 Revere Run,MT,US,,West Hollywood,00000,502-386-2976,857-339-6629
Palmira.Cantu@azdummy.onmicrosoft.com,Palmira Cantu,<Fzs+t7RSkq06BO,Yes,Palmira,Cantu,Employee,Sales,US,11 Park Expressway,NH,US,,Dallas,00000,918-154-4363,748-930-3938
Mirella.Ayala@azdummy.onmicrosoft.com,Mirella Ayala,"~qf0'#,+=XvCT3_",Yes,Mirella,Ayala,Employee,Development,US,369 Capen Esplanade,KS,US,,Herriman,00000,032-874-8593,950-389-2986
Jonah.Roy@azdummy.onmicrosoft.com,Jonah Roy,"wFv!i=Qpym,~VMT",Yes,Jonah,Roy,Employee,Production,US,1074 Brighton Loop,AZ,US,,Blaine,00000,113-076-9336,497-738-3441
Samual.Pace@azdummy.onmicrosoft.com,Samual Pace,]CDe/EW0bt8(H-z,Yes,Samual,Pace,Employee,Marketing,US,66 Shore View Grove,ID,US,,Holyoke,00000,891-653-0073,062-932-0516
Fabian.Dominguez@azdummy.onmicrosoft.com,Fabian Dominguez,&8`~/fL?K[2hIsa,Yes,Fabian,Dominguez,Employee,Customer Service,US,1268 Rutledge Grove,ME,US,,Newport,00000,092-688-7287,127-250-0180
Sherill.Yang@azdummy.onmicrosoft.com,Sherill Yang,"R*""2w.C8#}PL;L{",Yes,Sherill,Yang,Employee,Accounting,US,77 Megan Street,NV,US,,Kennewick,00000,391-768-1821,448-584-1682
Jackqueline.Solomon@azdummy.onmicrosoft.com,Jackqueline Solomon,.#my;S~IYBs])zh,Yes,Jackqueline,Solomon,Employee,Development,US,881 Bigelow Spur,DE,US,,Fridley,00000,611-206-9428,828-156-4793
Suk.Mathis@azdummy.onmicrosoft.com,Suk Mathis,"Y1-_o(6k],(^SKA",Yes,Suk,Mathis,Employee,Development,US,559 Concourse Heights,KY,US,,Wausau,00000,078-270-6890,200-578-7366
Nick.Maldonado@azdummy.onmicrosoft.com,Nick Maldonado,.q{iUe(#18D/vB\,Yes,Nick,Maldonado,Employee,Supply,US,1128 Woodhaven Loop,GA,US,,Sparks,00000,725-766-6217,454-870-6765
Woodrow.Figueroa@azdummy.onmicrosoft.com,Woodrow Figueroa,"Lp8?@V[UBs8""<Wg",Yes,Woodrow,Figueroa,Employee,IT,US,708 Hays Arcade,TN,US,,Parkersburg,00000,254-544-0774,492-315-6187
Jere.Heath@azdummy.onmicrosoft.com,Jere Heath,jH%3BYp}-+5nrZ|,Yes,Jere,Heath,Employee,IT,US,1119 Cottonwood Park,WV,US,,Walnut,00000,505-646-8164,568-733-4002
Gerard.Gallegos@azdummy.onmicrosoft.com,Gerard Gallegos,"""CjA2\ts=&/qL_m",Yes,Gerard,Gallegos,Employee,Supply,US,1121 Edgar Grove,NJ,US,,Pullman,00000,431-556-3870,587-932-7109
Florencio.Harris@azdummy.onmicrosoft.com,Florencio Harris,2&?|xpAQFOca%X_,Yes,Florencio,Harris,Employee,Supply,US,201 Double Rock Gate,NM,US,,Mint Hill,00000,769-911-7672,868-498-1594
Roderick.Figueroa@azdummy.onmicrosoft.com,Roderick Figueroa,&A?4qp0tfTMCWgS,Yes,Roderick,Figueroa,Employee,Sales,US,673 Sibley Run,MA,US,,North Ogden,00000,672-963-7301,462-611-4684
Bibi.Castro@azdummy.onmicrosoft.com,Bibi Castro,_SfBxR4:lwUlw~/,Yes,Bibi,Castro,Employee,Legal,US,1020 Shawnee Viaduct,WV,US,,Federal Way,00000,179-613-1145,868-868-2526
Magaret.White@azdummy.onmicrosoft.com,Magaret White,0J'@~C~5CGh.P[.,Yes,Magaret,White,Employee,Supply,US,1110 Service Run,WI,US,,Wheeling,00000,791-263-9597,570-742-4976
Nyla.Henson@azdummy.onmicrosoft.com,Nyla Henson,W^MsFeqP[UUauu;,Yes,Nyla,Henson,Employee,Customer Service,US,580 Moffitt Plaza,SC,US,,SeaTac,00000,537-986-8498,353-513-5454
Oliva.Hooper@azdummy.onmicrosoft.com,Oliva Hooper,|AnxU.Skn[l'\Z9,Yes,Oliva,Hooper,Employee,Supply,US,189 Sternberg Trail,ND,US,,Goodyear,00000,759-030-2683,344-481-1502
Sharmaine.Dunn@azdummy.onmicrosoft.com,Sharmaine Dunn,"""AtmE7Xb71zP%m~",Yes,Sharmaine,Dunn,Employee,Production,US,637 Erie Crescent,IA,US,,Mason,00000,446-285-0259,796-371-0952
Jackqueline.Parks@azdummy.onmicrosoft.com,Jackqueline Parks,Bvdv!gkXPd5$YHB,Yes,Jackqueline,Parks,Employee,Legal,US,797 Westwood Walk,RI,US,,Adrian,00000,753-246-2468,400-408-9112
Corrinne.Luna@azdummy.onmicrosoft.com,Corrinne Luna,y%GBJ5~%46G5r]d,Yes,Corrinne,Luna,Employee,Legal,US,915 Holyoke Loop,NM,US,,Hollister,00000,628-313-6576,439-551-6226
Vanetta.Bender@azdummy.onmicrosoft.com,Vanetta Bender,5vAJW]]]i#9CB|W,Yes,Vanetta,Bender,Employee,Legal,US,8 Park Hill Lane,WA,US,,West Hollywood,00000,612-982-5473,796-273-1947
Stepanie.Sanford@azdummy.onmicrosoft.com,Stepanie Sanford,o@V{')A=2WQP5vJ,Yes,Stepanie,Sanford,Employee,Sales,US,80 San Rafael Viaduct,NC,US,,Libertyville,00000,341-867-5066,592-579-4837
Amee.Lamb@azdummy.onmicrosoft.com,Amee Lamb,xq:2C?F(Ep@Qj8y,Yes,Amee,Lamb,Employee,Development,US,802 Turk Murphy Green,NM,US,,Salisbury,00000,255-471-2327,726-909-8929
Erik.Flowers@azdummy.onmicrosoft.com,Erik Flowers,;UQpPo_[|&m`z(a,Yes,Erik,Flowers,Employee,Development,US,1295 Hidalgo Drung,ID,US,,Valley Stream,00000,404-463-1853,236-818-9356
Kaylene.Middleton@azdummy.onmicrosoft.com,Kaylene Middleton,Epyo{;Fm1zV$^AU,Yes,Kaylene,Middleton,Employee,Legal,US,979 Berwick Expressway,NY,US,,Tullahoma,00000,944-742-6184,299-363-5793
Brynn.Henry@azdummy.onmicrosoft.com,Brynn Henry,K2ypMHd5`{)yGJh,Yes,Brynn,Henry,Employee,Human Resources,US,381 Loma Vista Bay,IA,US,,Clovis,00000,188-847-0893,944-421-8734
Bryon.Bentley@azdummy.onmicrosoft.com,Bryon Bentley,7H4C7nYYeY<yQRG,Yes,Bryon,Bentley,Employee,Marketing,US,1132 Wanda Garden,MO,US,,Upper Arlington,00000,058-713-8250,209-458-0227
Chad.Carney@azdummy.onmicrosoft.com,Chad Carney,8mf}Z8@;BV6dW&R,Yes,Chad,Carney,Employee,IT,US,365 Twin Peaks Bend,GA,US,,Idaho Falls,00000,496-660-2033,760-269-6434
Quiana.Blanchard@azdummy.onmicrosoft.com,Quiana Blanchard,u|3xq3mb.y~j?bB,Yes,Quiana,Blanchard,Employee,Legal,US,859 Hutchins Freeway,MT,US,,Goldsboro,00000,439-237-8940,998-556-8982
Sebastian.Livingston@azdummy.onmicrosoft.com,Sebastian Livingston,r!6Xrz-L6#UB6}G,Yes,Sebastian,Livingston,Employee,Sales,US,110 Claude Trail,OR,US,,Pompano Beach,00000,237-406-2251,036-479-6181
Theressa.Phillips@azdummy.onmicrosoft.com,Theressa Phillips,<F#mia&C[lE=DpK,Yes,Theressa,Phillips,Employee,Marketing,US,139 Mcdowell Highway,DE,US,,East Chicago,00000,827-579-3049,471-648-8480
Harland.Fields@azdummy.onmicrosoft.com,Harland Fields,s72~:&-Q1rowxE',Yes,Harland,Fields,Employee,Accounting,US,568 Dormitory Drung,NE,US,,Pasco,00000,495-403-7016,316-531-9036
Tyrell.Meyer@azdummy.onmicrosoft.com,Tyrell Meyer,GWxXdNHJ_rcbjw2,Yes,Tyrell,Meyer,Employee,Production,US,213 Hawthorne Nene,MN,US,,Menlo Park,00000,856-431-2756,637-761-8682
Bryanna.Cole@azdummy.onmicrosoft.com,Bryanna Cole,"](UMA@Hpf5FW&n,",Yes,Bryanna,Cole,Employee,Customer Service,US,939 Candlewood Court,ID,US,,Riverside,00000,784-681-4444,984-533-1598
Twanda.Barnes@azdummy.onmicrosoft.com,Twanda Barnes,oU%_|qeWp`o=-O&,Yes,Twanda,Barnes,Employee,Legal,US,481 Junipero Serra Pike,KY,US,,Greer,00000,061-423-8091,428-154-2073
Nickolas.Mack@azdummy.onmicrosoft.com,Nickolas Mack,"B1`8r*Gg9Z()1,w",Yes,Nickolas,Mack,Employee,Production,US,139 Byxbee Place,HI,US,,Hattiesburg,00000,255-779-2534,765-668-5603
Tenisha.Donaldson@azdummy.onmicrosoft.com,Tenisha Donaldson,"lm)dc1KAzxvQ""xQ",Yes,Tenisha,Donaldson,Employee,Customer Service,US,1091 Manseau Esplanade,CT,US,,Natchez,00000,904-745-7282,241-341-1005
Hector.Spence@azdummy.onmicrosoft.com,Hector Spence,"""yI6)eNN[1.[$kT",Yes,Hector,Spence,Employee,Sales,US,759 Eldridge Trail,TN,US,,Dixon,00000,720-933-1882,943-928-8902
Oliver.Koch@azdummy.onmicrosoft.com,Oliver Koch,+K_h=iSht5-}\N#,Yes,Oliver,Koch,Employee,Customer Service,US,634 Vandewater Annex,WY,US,,Laramie,00000,417-763-2166,533-364-3335
Shelby.Wagner@azdummy.onmicrosoft.com,Shelby Wagner,"G#kcJ,2-GMuxx0?",Yes,Shelby,Wagner,Employee,Legal,US,227 Fourth Plantation,MS,US,,Port St. Lucie,00000,137-959-3062,793-079-9152
Loriann.Perry@azdummy.onmicrosoft.com,Loriann Perry,*kL>O?anUo6aIk-,Yes,Loriann,Perry,Employee,Production,US,883 Hollywood Place,PA,US,,North Royalton,00000,338-908-9246,609-363-7228
Lashell.Calderon@azdummy.onmicrosoft.com,Lashell Calderon,"],vm]Co?tx:$VM#",Yes,Lashell,Calderon,Employee,Marketing,US,520 Elliot Line,MI,US,,Brookfield,00000,237-375-3953,895-798-9815
Will.Good@azdummy.onmicrosoft.com,Will Good,&r}}%;&o|~rl+|D,Yes,Will,Good,Employee,Supply,US,569 Greenwood Gardens,AL,US,,New York,00000,538-594-6953,805-089-0876
Rickie.Gibbs@azdummy.onmicrosoft.com,Rickie Gibbs,(=H&YT;)L6L#hsN,Yes,Rickie,Gibbs,Employee,Legal,US,192 Farnum Freeway,DE,US,,Kaysville,00000,480-605-8545,800-736-1999
Dane.Bradford@azdummy.onmicrosoft.com,Dane Bradford,z>s)M%Ec]5O0@$F,Yes,Dane,Bradford,Employee,IT,US,491 Napoleon Mall,AK,US,,Winter Garden,00000,058-636-7285,259-964-3299
Floria.Roman@azdummy.onmicrosoft.com,Floria Roman,5yN1o-i!*M~N=#T,Yes,Floria,Roman,Employee,Customer Service,US,885 Rockdale Circle,TX,US,,Romulus,00000,047-584-1923,715-018-3228
Kiana.Howe@azdummy.onmicrosoft.com,Kiana Howe,T##\lQM{o-0CsTH,Yes,Kiana,Howe,Employee,Customer Service,US,807 Morse Grove,FL,US,,Durango,00000,736-504-4721,243-909-1540
Darrell.Francis@azdummy.onmicrosoft.com,Darrell Francis,79or;L[{zUqLLZ/,Yes,Darrell,Francis,Employee,Production,US,1190 Ina Manor,WY,US,,Kent,00000,382-063-1101,350-172-9041
Etsuko.Bowen@azdummy.onmicrosoft.com,Etsuko Bowen,7a@C%/];>2[fi`c,Yes,Etsuko,Bowen,Employee,Legal,US,887 Himmelmann Drive,OH,US,,Ceres,00000,919-641-9311,151-691-1583
August.Kirkland@azdummy.onmicrosoft.com,August Kirkland,M7VppVLTM0TxEwe,Yes,August,Kirkland,Employee,Customer Service,US,1390 Bocana Drive,LA,US,,Elizabeth City,00000,695-693-5439,309-834-7819
Slyvia.Coleman@azdummy.onmicrosoft.com,Slyvia Coleman,u:2lteyJg7ocF{g,Yes,Slyvia,Coleman,Employee,Human Resources,US,821 Clarendon Road,NY,US,,Highland Village,00000,002-392-7410,440-034-8255
Alise.Dudley@azdummy.onmicrosoft.com,Alise Dudley,cTT*3C6ng/cN?JL,Yes,Alise,Dudley,Employee,Development,US,493 Urbano Green,MT,US,,Long Beach,00000,338-978-2495,023-480-7339
Jewell.Holder@azdummy.onmicrosoft.com,Jewell Holder,wu1wpbz)ZBTL<T_,Yes,Jewell,Holder,Employee,Production,US,541 Brannan Park,VT,US,,Pearl,00000,477-148-7969,208-025-4834
Edelmira.Beck@azdummy.onmicrosoft.com,Edelmira Beck,\6j=YA__rh06>QB,Yes,Edelmira,Beck,Employee,Production,US,413 Morrell Garden,IA,US,,Pekin,00000,828-080-2333,856-754-7339
Andree.Stark@azdummy.onmicrosoft.com,Andree Stark,*e6;GG}h@HMK'|9,Yes,Andree,Stark,Employee,Sales,US,469 Dr Carlton B Goodlett Hill,PA,US,,Grand Rapids,00000,741-250-6658,263-708-0532
Orlando.Bishop@azdummy.onmicrosoft.com,Orlando Bishop,pF+tPV53q6-W:}>,Yes,Orlando,Bishop,Employee,Sales,US,505 Acadia Street,NV,US,,Geneva,00000,355-318-5986,034-576-2468
Robt.Sargent@azdummy.onmicrosoft.com,Robt Sargent,2E?WxbC&^IvZ{V],Yes,Robt,Sargent,Employee,Accounting,US,839 Cross Plantation,NV,US,,Newburyport,00000,430-503-5271,012-592-6398
Ferdinand.Bowman@azdummy.onmicrosoft.com,Ferdinand Bowman,9IDGtOd9zN4#RI4,Yes,Ferdinand,Bowman,Employee,Legal,US,1223 Trumbull Townline,MS,US,,Waukegan,00000,724-487-7001,697-377-0430
Levi.Fletcher@azdummy.onmicrosoft.com,Levi Fletcher,"y6ohq^\a^B""BI7c",Yes,Levi,Fletcher,Employee,Accounting,US,580 Fremont Bay,OK,US,,Tyler,00000,920-544-0927,972-043-8448
Donovan.Guzman@azdummy.onmicrosoft.com,Donovan Guzman,H;r+*o}%O:FNFrq,Yes,Donovan,Guzman,Employee,Customer Service,US,1285 Lurline High Street,SD,US,,Pasco,00000,639-971-6763,387-939-4957
Walter.Ford@azdummy.onmicrosoft.com,Walter Ford,"b2UrUe1m5I`,Ise",Yes,Walter,Ford,Employee,IT,US,75 Berkeley Square,SD,US,,Virginia Beach,00000,545-153-7091,466-757-5087
Cody.Franklin@azdummy.onmicrosoft.com,Cody Franklin,RGI>)SS(u}X\f4B,Yes,Cody,Franklin,Employee,Human Resources,US,811 Rausch Brae,ID,US,,Mandan,00000,682-055-9585,664-997-2983
Gerry.Vance@azdummy.onmicrosoft.com,Gerry Vance,fW0%e=VPc/m`X'!,Yes,Gerry,Vance,Employee,Marketing,US,1179 Genebern Turnpike,MN,US,,San Angelo,00000,207-466-3234,653-921-2487
Carl.Turner@azdummy.onmicrosoft.com,Carl Turner,_g`~+.ie$Mb9=Km,Yes,Carl,Turner,Employee,Supply,US,697 Jack Balestreri Mews,AR,US,,Los Angeles,00000,807-432-6819,007-338-6285
Bernard.Mccormick@azdummy.onmicrosoft.com,Bernard Mccormick,c$f#N:few7RIhXw,Yes,Bernard,Mccormick,Employee,Sales,US,122 Rausch Trail,UT,US,,Haines City,00000,134-638-4788,014-206-7205
Cruz.Walton@azdummy.onmicrosoft.com,Cruz Walton,Gm^%tY/X?%'5zJL,Yes,Cruz,Walton,Employee,Marketing,US,1007 Kamille Route,AZ,US,,Goshen,00000,749-519-0421,637-470-5830
Olene.Richard@azdummy.onmicrosoft.com,Olene Richard,"*Q4l3mlDD>U{M""E",Yes,Olene,Richard,Employee,Sales,US,1001 Bercut Access Close,NY,US,,Central Point,00000,411-775-2403,278-735-8402
Donnie.Hoover@azdummy.onmicrosoft.com,Donnie Hoover,t\ZZ#Cm3zffr<eB,Yes,Donnie,Hoover,Employee,Accounting,US,1162 Kenwood Parade,MD,US,,Wauwatosa,00000,882-668-2591,338-509-3730
Tim.Mcfarland@azdummy.onmicrosoft.com,Tim Mcfarland,"4J/u2l)r,env]x7",Yes,Tim,Mcfarland,Employee,Marketing,US,408 Helena Drung,ME,US,,Woonsocket,00000,611-980-2233,356-667-7509
Sterling.Blackwell@azdummy.onmicrosoft.com,Sterling Blackwell,%;wfH\oZX$s@>Iq,Yes,Sterling,Blackwell,Employee,Legal,US,381 Rutledge Private,KS,US,,Bethlehem,00000,794-265-8164,832-885-4658
Britteny.Gibson@azdummy.onmicrosoft.com,Britteny Gibson,^.(ik!-#Emt<h%I,Yes,Britteny,Gibson,Employee,Human Resources,US,759 Chapman Viaduct,TX,US,,Wilmette,00000,005-783-5606,064-277-0394
Laverna.Case@azdummy.onmicrosoft.com,Laverna Case,VaI*@X_AL!3gdY-,Yes,Laverna,Case,Employee,Development,US,995 Addison Street,CT,US,,Temple City,00000,030-299-5473,524-122-9244
Elroy.Castaneda@azdummy.onmicrosoft.com,Elroy Castaneda,jR&]Hmsd\NSu+VK,Yes,Elroy,Castaneda,Employee,Sales,US,946 Decatur Close,AL,US,,Indianapolis,00000,899-964-7408,031-802-2376
Trey.Vaughn@azdummy.onmicrosoft.com,Trey Vaughn,OQ[|=Hpf2mVfg30,Yes,Trey,Vaughn,Employee,Accounting,US,628 John F Kennedy High Street,KY,US,,Maple Heights,00000,184-840-3631,733-539-1444
Minh.Barnes@azdummy.onmicrosoft.com,Minh Barnes,>.87mD6JC/T~h'[,Yes,Minh,Barnes,Employee,Sales,US,399 Alder Expressway,TN,US,,Pinecrest,00000,649-526-1314,595-908-8706
Maximo.Dean@azdummy.onmicrosoft.com,Maximo Dean,Ahv?~V9*)KHTrw:,Yes,Maximo,Dean,Employee,Customer Service,US,955 Dow Arcade,IN,US,,Pleasant Prairie,00000,660-066-2423,202-906-6047
Anderson.Navarro@azdummy.onmicrosoft.com,Anderson Navarro,ZXgV=}xq!6l;Xry,Yes,Anderson,Navarro,Employee,Development,US,759 Velasco Mall,MD,US,,Cypress,00000,044-416-8221,448-445-1760
Ettie.Cameron@azdummy.onmicrosoft.com,Ettie Cameron,sK-w4__kia33URH,Yes,Ettie,Cameron,Employee,IT,US,830 Marlin Court,CT,US,,Marietta,00000,644-450-3327,492-267-4625
Gene.Sherman@azdummy.onmicrosoft.com,Gene Sherman,"REh<P&""yn\:PI-w",Yes,Gene,Sherman,Employee,Accounting,US,477 Carl Drive,ME,US,,Laguna Niguel,00000,327-472-1747,130-111-3980
Joshua.Underwood@azdummy.onmicrosoft.com,Joshua Underwood,"psB(O#PeG=,|T[j",Yes,Joshua,Underwood,Employee,Sales,US,489 Powhattan Plantation,TX,US,,Hackensack,00000,436-010-7179,912-078-2369
Jared.Russo@azdummy.onmicrosoft.com,Jared Russo,iEs^#y(F/mDU'22,Yes,Jared,Russo,Employee,Marketing,US,953 Bartol Grove,AL,US,,Oregon City,00000,373-158-8971,375-827-3090
Edward.Avila@azdummy.onmicrosoft.com,Edward Avila,"Z9E>>_<~""Z>YK<w",Yes,Edward,Avila,Employee,Human Resources,US,952 Clarkson Townline,IL,US,,Benton,00000,058-184-9673,030-770-5873
Georgeann.Michael@azdummy.onmicrosoft.com,Georgeann Michael,).?q80oH.aX}kFw,Yes,Georgeann,Michael,Employee,Supply,US,1217 Gould Green,NH,US,,Seattle,00000,601-497-4619,873-887-9274
Corey.Keller@azdummy.onmicrosoft.com,Corey Keller,j9^C?z#6tH\:G<7,Yes,Corey,Keller,Employee,Development,US,885 Joost Drive,MT,US,,St. George,00000,909-345-6157,490-750-1005
Scott.Cobb@azdummy.onmicrosoft.com,Scott Cobb,">bqu_37,XpAh)HB",Yes,Scott,Cobb,Employee,Supply,US,425 Battery Chamberlin Private,FL,US,,Garfield Heights,00000,628-511-3910,076-163-2405
Kareen.Stein@azdummy.onmicrosoft.com,Kareen Stein,fW!kU@i(jp{C?5g,Yes,Kareen,Stein,Employee,Sales,US,1321 Ocean Vista Boulevard,MS,US,,Lindenhurst,00000,483-119-9896,949-019-4426
Julian.Mcmahon@azdummy.onmicrosoft.com,Julian Mcmahon,"*NxCb2$|6""*DT_T",Yes,Julian,Mcmahon,Employee,IT,US,364 Old Chinatown Parkway,NC,US,,Takoma Park,00000,985-411-4610,404-115-7167
Parker.Mcintyre@azdummy.onmicrosoft.com,Parker Mcintyre,SKHcL}1mELT%/$s,Yes,Parker,Mcintyre,Employee,Development,US,150 Lincoln Walk,IA,US,,Boise City,00000,196-336-7625,608-904-6765
Len.Maddox@azdummy.onmicrosoft.com,Len Maddox,mikGK%=uClWk|d4,Yes,Len,Maddox,Employee,Production,US,816 Cuvier Mews,WI,US,,Oklahoma City,00000,686-970-7055,081-923-7674
Refugio.Hawkins@azdummy.onmicrosoft.com,Refugio Hawkins,WY29Pq`xSHGCs3S,Yes,Refugio,Hawkins,Employee,Supply,US,645 Angelos Concession road,ID,US,,Dubuque,00000,514-873-9261,510-375-3029
Willis.Malone@azdummy.onmicrosoft.com,Willis Malone,SI@g${]UT~|TR3R,Yes,Willis,Malone,Employee,Production,US,827 Hampshire Side road,VT,US,,Huntley,00000,445-729-4873,054-760-8136
Raul.Sweeney@azdummy.onmicrosoft.com,Raul Sweeney,%lC`e.>8Ek't:EO,Yes,Raul,Sweeney,Employee,IT,US,515 Alviso Side road,CT,US,,Oshkosh,00000,546-067-2825,775-542-7539
Garth.Sanchez@azdummy.onmicrosoft.com,Garth Sanchez,yG'2^t|w5bw^MnI,Yes,Garth,Sanchez,Employee,Customer Service,US,806 Adam Road,ME,US,,Hemet,00000,053-856-8845,892-063-5251
Valentin.Clark@azdummy.onmicrosoft.com,Valentin Clark,R=]~0HWW?UJ)T6z,Yes,Valentin,Clark,Employee,Human Resources,US,1130 Devonshire Drung,VT,US,,Palisades Park,00000,218-412-8133,992-878-0467
Carter.Collier@azdummy.onmicrosoft.com,Carter Collier,":1PHxh^]C1t6E,P",Yes,Carter,Collier,Employee,Human Resources,US,670 Park Field,NY,US,,Belle Glade,00000,574-617-0915,489-400-7962
Shane.Gilliam@azdummy.onmicrosoft.com,Shane Gilliam,'S?F>.i0_jCKE|W,Yes,Shane,Gilliam,Employee,Accounting,US,490 Wisser Arcade,SC,US,,Mauldin,00000,061-139-2777,128-710-8784
Johnson.Alexander@azdummy.onmicrosoft.com,Johnson Alexander,y3|O;X55bI&0Qtd,Yes,Johnson,Alexander,Employee,Sales,US,87 Ludlow Side road,AZ,US,,Hattiesburg,00000,233-979-5204,277-381-1737
Denese.Moses@azdummy.onmicrosoft.com,Denese Moses,_m`ABrN^2O0la!N,Yes,Denese,Moses,Employee,Accounting,US,29 Cowles Nene,MN,US,,Desert Hot Springs,00000,989-828-4999,077-211-9918
Ivan.Walls@azdummy.onmicrosoft.com,Ivan Walls,"D<C8t%;4?=s""HJ|",Yes,Ivan,Walls,Employee,Development,US,459 Norwich Bypass,NH,US,,Saratoga,00000,398-629-8023,392-783-7281
Bud.Thompson@azdummy.onmicrosoft.com,Bud Thompson,f=Do7%P}Ak:GbW0,Yes,Bud,Thompson,Employee,Marketing,US,341 Nibbi Freeway,AZ,US,,Harlingen,00000,903-461-9259,199-316-4609
Shera.Hendricks@azdummy.onmicrosoft.com,Shera Hendricks,"(8ec'Ob?02,`9:$",Yes,Shera,Hendricks,Employee,Customer Service,US,1131 Nueva Drung,UT,US,,Houston,00000,722-959-1673,257-663-2388
Blake.Sosa@azdummy.onmicrosoft.com,Blake Sosa,"YE1R}>qFzo""9Qi1",Yes,Blake,Sosa,Employee,Human Resources,US,76 Seal Rock Circle,AK,US,,Oceanside,00000,084-307-7251,261-287-4748
Deane.Dixon@azdummy.onmicrosoft.com,Deane Dixon,?WgC9=^*ScVd{p*,Yes,Deane,Dixon,Employee,Sales,US,248 Letterman Run,WI,US,,Cocoa,00000,876-008-5210,890-493-5572
Queenie.Page@azdummy.onmicrosoft.com,Queenie Page,[6yMg-G%&7T1tVK,Yes,Queenie,Page,Employee,Sales,US,426 Perego Hill,PA,US,,Bell,00000,391-882-8294,393-435-1826
Arthur.Cunningham@azdummy.onmicrosoft.com,Arthur Cunningham,Qz%>*v+p/wW+P7=,Yes,Arthur,Cunningham,Employee,Production,US,1331 Whittier Pike,NM,US,,Glendora,00000,530-921-0152,589-699-2850
Violette.Atkinson@azdummy.onmicrosoft.com,Violette Atkinson,3wnEu+[L@NZp0B!,Yes,Violette,Atkinson,Employee,Human Resources,US,872 Santa Cruz Ferry,MI,US,,Murfreesboro,00000,143-888-8550,381-309-4440
Blake.Madden@azdummy.onmicrosoft.com,Blake Madden,`$RwWS<nO!uxvem,Yes,Blake,Madden,Employee,Development,US,94 Weatherly Field,WV,US,,Clarksdale,00000,589-195-4873,529-269-5148
Kai.Saunders@azdummy.onmicrosoft.com,Kai Saunders,8'<87ZX)vkhO(#&,Yes,Kai,Saunders,Employee,Sales,US,235 Revere Run,MN,US,,Cleburne,00000,349-525-1620,640-423-5587
Eura.Newton@azdummy.onmicrosoft.com,Eura Newton,-}PvI(LO>E=J^wn,Yes,Eura,Newton,Employee,Accounting,US,805 Seal Cove Extension,LA,US,,Lima,00000,721-972-8031,435-473-0874
Desmond.Tran@azdummy.onmicrosoft.com,Desmond Tran,o9_V7{=Uzvk2SP;,Yes,Desmond,Tran,Employee,Development,US,1385 Arco Court,LA,US,,Franklin Park,00000,730-348-1813,865-664-9566
Francisco.Maxwell@azdummy.onmicrosoft.com,Francisco Maxwell,)Hsh?r3RL:Gnd//,Yes,Francisco,Maxwell,Employee,Development,US,777 Valley Freeway,MA,US,,Merced,00000,286-639-9411,757-709-4291
Jimmy.Molina@azdummy.onmicrosoft.com,Jimmy Molina,"m$=LH,Sp3^]T1,!",Yes,Jimmy,Molina,Employee,IT,US,392 Ervine Wynd,KS,US,,Lewiston,00000,432-320-0814,877-888-9441
Lenny.Spencer@azdummy.onmicrosoft.com,Lenny Spencer,jBs$LK{kbDE]gR0,Yes,Lenny,Spencer,Employee,Marketing,US,968 Ashburton Manor,AR,US,,East Chicago,00000,657-940-4321,567-976-7280
Frances.Witt@azdummy.onmicrosoft.com,Frances Witt,"VYuMDeZg^^Y(|""I",Yes,Frances,Witt,Employee,Legal,US,24 Avalon Drung,SC,US,,Lima,00000,486-103-1821,362-582-2981
Edwin.Robles@azdummy.onmicrosoft.com,Edwin Robles,d+eK&$TL:3U7~M3,Yes,Edwin,Robles,Employee,Development,US,816 Oak Hills Court,WY,US,,Norwood,00000,845-095-2979,022-453-3346
Warner.Walsh@azdummy.onmicrosoft.com,Warner Walsh,@K&0!@a&+q%{e8=,Yes,Warner,Walsh,Employee,Marketing,US,1087 H Point,VA,US,,Sachse,00000,988-537-5991,490-796-5765
Regenia.Coffey@azdummy.onmicrosoft.com,Regenia Coffey,"v_FNs4""#a.#f5V;",Yes,Regenia,Coffey,Employee,Sales,US,590 Kent Turnpike,ND,US,,Hazel Park,00000,060-499-5463,485-902-6878
Sam.Dalton@azdummy.onmicrosoft.com,Sam Dalton,IcI0A2z@[aSg!gZ,Yes,Sam,Dalton,Employee,Marketing,US,1081 Croaker Green,NV,US,,Sylvania,00000,608-152-2994,160-066-4959
Elmer.Faulkner@azdummy.onmicrosoft.com,Elmer Faulkner,gc\14yPM+GXX8Mo,Yes,Elmer,Faulkner,Employee,Development,US,965 Music Concourse Cove,NV,US,,Carbondale,00000,713-568-4850,346-710-7430
Patrick.Fischer@azdummy.onmicrosoft.com,Patrick Fischer,R-QMx0K\by1JN_#,Yes,Patrick,Fischer,Employee,IT,US,933 Shafter Pike,MS,US,,Sarasota,00000,889-368-1207,642-189-4930
Cleotilde.Holcomb@azdummy.onmicrosoft.com,Cleotilde Holcomb,|ly6vq:AwgQrhDe,Yes,Cleotilde,Holcomb,Employee,Customer Service,US,1166 Daggett Thruway,AR,US,,Ellensburg,00000,085-694-6277,064-526-3411
Kimi.Bryant@azdummy.onmicrosoft.com,Kimi Bryant,kTpQV:V*#1(vbZ',Yes,Kimi,Bryant,Employee,Accounting,US,305 Lupine Glen,WI,US,,Avon Lake,00000,376-296-9609,272-726-5909
Victor.Knapp@azdummy.onmicrosoft.com,Victor Knapp,(06uPi_w:n.1+E!,Yes,Victor,Knapp,Employee,Production,US,513 Sonoma Expressway,NH,US,,Broken Arrow,00000,910-722-5401,654-909-9306
Katerine.Vazquez@azdummy.onmicrosoft.com,Katerine Vazquez,cW'Jug8syPo'tIA,Yes,Katerine,Vazquez,Employee,IT,US,620 Inca Parkway,NH,US,,Issaquah,00000,240-511-1146,071-878-3166
Roberto.Sears@azdummy.onmicrosoft.com,Roberto Sears,"tgYs%HD""xtxc|-L",Yes,Roberto,Sears,Employee,Accounting,US,392 El Mirasol Promenade,NJ,US,,Hilton Head Island,00000,659-907-5284,470-033-4414
Malcolm.Bray@azdummy.onmicrosoft.com,Malcolm Bray,"ob0hOZIQ<(/X|X""",Yes,Malcolm,Bray,Employee,Marketing,US,110 Candlewood Path,NY,US,,Reynoldsburg,00000,195-560-3283,041-865-9530
Eugene.Rodriquez@azdummy.onmicrosoft.com,Eugene Rodriquez,m{%4?zy>Dn:Vp)_,Yes,Eugene,Rodriquez,Employee,IT,US,140 Owens Route,NM,US,,Walnut,00000,100-006-9804,840-976-2211
Stevie.Kim@azdummy.onmicrosoft.com,Stevie Kim,SA$(wjr5eJwxTbB,Yes,Stevie,Kim,Employee,Human Resources,US,385 Berwick Nene,ND,US,,Carol Stream,00000,246-287-0339,521-989-6055
Mack.Mcclure@azdummy.onmicrosoft.com,Mack Mcclure,nk\<bBy7;BU&[[3,Yes,Mack,Mcclure,Employee,Supply,US,686 Vulcan Freeway,VT,US,,San Carlos,00000,151-681-4373,409-708-1508
Renaldo.Elliott@azdummy.onmicrosoft.com,Renaldo Elliott,"igs:W~!vlhS<C""#",Yes,Renaldo,Elliott,Employee,Sales,US,393 Manseau Arcade,SC,US,,Carson,00000,409-518-7097,785-138-3925
Terisa.Bauer@azdummy.onmicrosoft.com,Terisa Bauer,{i-z;7&2xqGnw~%,Yes,Terisa,Bauer,Employee,IT,US,63 Elk Manor,RI,US,,Searcy,00000,323-744-7953,556-057-2129
Garland.Wagner@azdummy.onmicrosoft.com,Garland Wagner,E^gqm6u[{LPPEX%,Yes,Garland,Wagner,Employee,Human Resources,US,1246 Dewitt Extension,NH,US,,Modesto,00000,657-287-8161,821-561-3287
Abram.Bradshaw@azdummy.onmicrosoft.com,Abram Bradshaw,/xWZ:2dT3:R4^4W,Yes,Abram,Bradshaw,Employee,Human Resources,US,366 Darrell Walk,AR,US,,Harrisburg,00000,741-176-4245,166-171-0826
Donald.Schultz@azdummy.onmicrosoft.com,Donald Schultz,"U+#Qjs]sAD7,Y;M",Yes,Donald,Schultz,Employee,Supply,US,688 Seacliff Brae,WI,US,,Valdosta,00000,812-935-7555,367-653-5508
Cherish.Pugh@azdummy.onmicrosoft.com,Cherish Pugh,(NN3kP}NMz5[V}O,Yes,Cherish,Pugh,Employee,Human Resources,US,261 Wetmore Drive,TX,US,,College Station,00000,105-674-7524,670-509-9644
Jae.Bray@azdummy.onmicrosoft.com,Jae Bray,Jpx/ltg!t!=Ip%n,Yes,Jae,Bray,Employee,IT,US,1260 Alta Gardens,CO,US,,Urbana,00000,004-442-6866,384-790-8425
Trey.Deleon@azdummy.onmicrosoft.com,Trey Deleon,ddof_vj\Z!RdWzC,Yes,Trey,Deleon,Employee,Sales,US,771 Hudson Green,NE,US,,Auburn Hills,00000,442-700-4031,462-854-6842
Shelton.Martin@azdummy.onmicrosoft.com,Shelton Martin,'izidF|29s9rVP`,Yes,Shelton,Martin,Employee,Development,US,1326 Santa Ana Side road,MD,US,,Natchez,00000,014-048-9276,806-721-6721
Gary.Winters@azdummy.onmicrosoft.com,Gary Winters,"NQ^Nc[,vE>(^b,^",Yes,Gary,Winters,Employee,Human Resources,US,1105 Ahern Glen,IA,US,,Galt,00000,488-988-1286,381-660-3453
Apolonia.Crawford@azdummy.onmicrosoft.com,Apolonia Crawford,++U\h7X]/4+qf9b,Yes,Apolonia,Crawford,Employee,Customer Service,US,697 Alvarado Annex,HI,US,,Lackawanna,00000,913-902-1579,685-231-5728
Dani.Roy@azdummy.onmicrosoft.com,Dani Roy,I#@:he[RzeQ#$YW,Yes,Dani,Roy,Employee,Production,US,484 Oak Park High Street,NV,US,,Thornton,00000,855-745-0405,074-813-5554
Fredrick.Haney@azdummy.onmicrosoft.com,Fredrick Haney,m87e+:^~|2|0\|p,Yes,Fredrick,Haney,Employee,Legal,US,237 Olive Nene,CA,US,,Chelsea,00000,976-203-4260,335-382-7553
Delta.Lott@azdummy.onmicrosoft.com,Delta Lott,?Wx{3W|/X@jEJ$Y,Yes,Delta,Lott,Employee,Accounting,US,1103 Baden Wynd,IL,US,,Bismarck,00000,000-480-4961,844-110-8719
Marlin.Russell@azdummy.onmicrosoft.com,Marlin Russell,hx2?`_dLq^'KFDq,Yes,Marlin,Russell,Employee,Human Resources,US,933 Diamond Heights Gardens,FL,US,,Rancho Cordova,00000,565-468-7152,972-779-0055
Kendall.Dillon@azdummy.onmicrosoft.com,Kendall Dillon,2N4=\d$t+HW;;v%,Yes,Kendall,Dillon,Employee,Customer Service,US,660 France Loop,OH,US,,Allen,00000,617-380-4404,964-501-7897
Hildred.Wooten@azdummy.onmicrosoft.com,Hildred Wooten,vP86lxR+M~[QZK7,Yes,Hildred,Wooten,Employee,Accounting,US,269 Second Drive,NV,US,,Fairborn,00000,594-135-5676,695-437-7204
Ulysses.Byrd@azdummy.onmicrosoft.com,Ulysses Byrd,[)p{peJ21&V4(TX,Yes,Ulysses,Byrd,Employee,Customer Service,US,1049 Schofield Trail,AZ,US,,Redondo Beach,00000,352-038-0889,238-853-2334
Joel.Allison@azdummy.onmicrosoft.com,Joel Allison,on$kay+xV<v:s8e,Yes,Joel,Allison,Employee,Legal,US,1103 Bacon Private,CO,US,,Lake Charles,00000,181-701-9123,001-155-0498
Tracee.Lamb@azdummy.onmicrosoft.com,Tracee Lamb,?@+eHQUzth0Iv3W,Yes,Tracee,Lamb,Employee,Human Resources,US,846 Lansdale Side road,TN,US,,Long Branch,00000,740-572-2024,884-804-0274
Jan.Bryant@azdummy.onmicrosoft.com,Jan Bryant,!);ajmox-01N~P`,Yes,Jan,Bryant,Employee,Legal,US,918 Hillway Lane,CA,US,,Williamsport,00000,811-096-3690,394-928-6384
Tony.Terrell@azdummy.onmicrosoft.com,Tony Terrell,9Uy(4aEZ=uWqg_F,Yes,Tony,Terrell,Employee,Human Resources,US,371 Thorp Garden,OH,US,,Inver Grove Heights,00000,761-974-7617,352-644-6853
Sulema.Huffman@azdummy.onmicrosoft.com,Sulema Huffman,z5(?iW1V(U=1fT>,Yes,Sulema,Huffman,Employee,Supply,US,355 Gaiser Boulevard,MT,US,,Mason City,00000,359-316-9537,968-025-3016
Ward.Mckay@azdummy.onmicrosoft.com,Ward Mckay,[3Hk1_jJ:M'CsM*,Yes,Ward,Mckay,Employee,Legal,US,628 Van Buren Turnpike,IL,US,,Overland Park,00000,524-431-4766,444-663-8859
Rutha.Hawkins@azdummy.onmicrosoft.com,Rutha Hawkins,|W0xXtuvpc:flme,Yes,Rutha,Hawkins,Employee,Development,US,966 Ezekiel Circle,NE,US,,North Richland Hills,00000,545-754-7068,620-097-2915
Lanora.Wiley@azdummy.onmicrosoft.com,Lanora Wiley,iWYSoFHp&^$QQXM,Yes,Lanora,Wiley,Employee,IT,US,464 Zoo Mall,SC,US,,Duarte,00000,571-968-3010,636-733-6453
Valentine.Ramos@azdummy.onmicrosoft.com,Valentine Ramos,r8-ovad;D32oV#8,Yes,Valentine,Ramos,Employee,Marketing,US,572 Battery Dynamite Heights,OH,US,,Kansas City,00000,527-040-5749,344-856-0814
Clint.Dickson@azdummy.onmicrosoft.com,Clint Dickson,IV.v&t%v?!/C<i$,Yes,Clint,Dickson,Employee,Marketing,US,100 Parsons Square,LA,US,,Inglewood,00000,670-970-0991,893-370-3572
Alaine.Sheppard@azdummy.onmicrosoft.com,Alaine Sheppard,cVnMtEX2m]\-{9',Yes,Alaine,Sheppard,Employee,Accounting,US,1303 Oshaughnessy Bypass,GA,US,,Castle Rock,00000,195-319-9841,058-183-6488
Maurita.Berger@azdummy.onmicrosoft.com,Maurita Berger,9jt_&K0Jy9OI}il,Yes,Maurita,Berger,Employee,Accounting,US,730 Oloran Street,CT,US,,Murrieta,00000,812-880-2056,262-221-6557
Maryanna.Harrington@azdummy.onmicrosoft.com,Maryanna Harrington,[d]Am]/ejwq-=>Z,Yes,Maryanna,Harrington,Employee,Marketing,US,655 Greenough Arcade,SD,US,,Moscow,00000,452-245-2209,738-821-6104
Tayna.Booker@azdummy.onmicrosoft.com,Tayna Booker,(Nm81b~D4T[4644,Yes,Tayna,Booker,Employee,Supply,US,433 Avenue F Nene,DE,US,,Orange,00000,246-757-5607,782-727-0850
Cary.Brady@azdummy.onmicrosoft.com,Cary Brady,)nw`B%V52#z41[O,Yes,Cary,Brady,Employee,Marketing,US,1214 Parnassus Stravenue,VT,US,,Waterbury,00000,986-098-7930,518-131-2361
Delmer.Dunlap@azdummy.onmicrosoft.com,Delmer Dunlap,>!\_|^b:[Kt8c2G,Yes,Delmer,Dunlap,Employee,Supply,US,1315 Pulaski Pike,VA,US,,Kearny,00000,902-929-1566,187-855-0288
Dannie.Solis@azdummy.onmicrosoft.com,Dannie Solis,"7aP+B<J%""c:Nr/O",Yes,Dannie,Solis,Employee,Supply,US,661 Congdon Drive,FL,US,,New Rochelle,00000,376-292-9341,189-034-0003
Rick.Howe@azdummy.onmicrosoft.com,Rick Howe,"a=O!5xc^,}{L5'@",Yes,Rick,Howe,Employee,Legal,US,70 Hauser Boulevard,ND,US,,Copperas Cove,00000,853-480-3913,675-136-3559
Caroyln.Delacruz@azdummy.onmicrosoft.com,Caroyln Delacruz,"yX_CIGZyB,NCuNr",Yes,Caroyln,Delacruz,Employee,Marketing,US,246 Andrew Thruway,IL,US,,South Pasadena,00000,331-230-3753,971-426-9742
Angelic.Crawford@azdummy.onmicrosoft.com,Angelic Crawford,"?9~)""x/soG)F&}v",Yes,Angelic,Crawford,Employee,Marketing,US,924 Hartford Cove,CA,US,,Pasadena,00000,338-453-6138,591-514-9506
Krissy.Preston@azdummy.onmicrosoft.com,Krissy Preston,hDyXMB-Qw:]r~)b,Yes,Krissy,Preston,Employee,Sales,US,132 Buckingham Line,WI,US,,Coconut Creek,00000,127-284-6090,370-483-8444
Romaine.Bradley@azdummy.onmicrosoft.com,Romaine Bradley,"o[Wo!?YO9&iDP],",Yes,Romaine,Bradley,Employee,Customer Service,US,956 Mountain Spring Avenue,AK,US,,Howard,00000,966-646-7480,812-759-7787
Mora.Carroll@azdummy.onmicrosoft.com,Mora Carroll,vW/NSJ@$tiHi}{>,Yes,Mora,Carroll,Employee,Customer Service,US,1204 Card Turnpike,KS,US,,Irvine,00000,519-689-9031,599-209-1245
Fritz.Elliott@azdummy.onmicrosoft.com,Fritz Elliott,rHsn|6u(RlIc}N2,Yes,Fritz,Elliott,Employee,Accounting,US,861 East Crystal Cove Terrace,NJ,US,,Victoria,00000,539-743-1959,911-359-5750
Annamae.Baldwin@azdummy.onmicrosoft.com,Annamae Baldwin,hbP.=b6>7pEw^|C,Yes,Annamae,Baldwin,Employee,Customer Service,US,1350 Bromley Grove,TN,US,,Kent,00000,906-667-1814,891-433-8221
Abraham.Sharpe@azdummy.onmicrosoft.com,Abraham Sharpe,"<feb,V,@#77+*L9",Yes,Abraham,Sharpe,Employee,IT,US,834 Garfield Turnpike,MS,US,,Burbank,00000,133-289-7778,427-287-9345
Raye.Mueller@azdummy.onmicrosoft.com,Raye Mueller,"o-OON4\qab""@\@p",Yes,Raye,Mueller,Employee,Sales,US,1124 Copper Stravenue,MD,US,,Broomfield,00000,280-503-5481,525-693-3620
Epifania.Bauer@azdummy.onmicrosoft.com,Epifania Bauer,s)['/vX)TG_O#^9,Yes,Epifania,Bauer,Employee,Production,US,1045 Westwood Manor,NH,US,,Murrieta,00000,986-268-3726,345-758-9553
Kina.Vargas@azdummy.onmicrosoft.com,Kina Vargas,jX:_+!+.{x{gj~1,Yes,Kina,Vargas,Employee,IT,US,820 Peek Gardens,NE,US,,Lynwood,00000,841-042-7106,373-520-6142
Stan.Sharp@azdummy.onmicrosoft.com,Stan Sharp,"mi+o?t,V52!ZZ#G",Yes,Stan,Sharp,Employee,Accounting,US,478 Alana Loop,WY,US,,New Smyrna Beach,00000,857-482-5649,858-310-3151
Lindsey.Snider@azdummy.onmicrosoft.com,Lindsey Snider,hP-JsD9NhCZ9wkQ,Yes,Lindsey,Snider,Employee,Development,US,580 Nantucket Concession road,MI,US,,Ocala,00000,107-324-3121,664-876-0837
Carlton.Barnett@azdummy.onmicrosoft.com,Carlton Barnett,?^TMCO$76mZvA(E,Yes,Carlton,Barnett,Employee,Customer Service,US,49 Crestline Gardens,NY,US,,Manitowoc,00000,652-913-5463,932-804-4846
Neil.Snow@azdummy.onmicrosoft.com,Neil Snow,m0DB;7v.TaCAIiG,Yes,Neil,Snow,Employee,Customer Service,US,998 San Jacinto Promenade,NV,US,,Tukwila,00000,090-074-6680,622-632-5344
Otha.Mccall@azdummy.onmicrosoft.com,Otha Mccall,m%Z9&woK{-N.'4;,Yes,Otha,Mccall,Employee,Marketing,US,1298 Diana Concession road,OH,US,,McMinnville,00000,428-346-2842,528-085-6703
Casey.Donovan@azdummy.onmicrosoft.com,Casey Donovan,Z|G$i|ehsQt[4^g,Yes,Casey,Donovan,Employee,Sales,US,220 Elk Manor,MT,US,,Hoover,00000,846-660-8138,521-987-2939
Lyman.Levy@azdummy.onmicrosoft.com,Lyman Levy,"26W5HwlWCy*""=)L",Yes,Lyman,Levy,Employee,Accounting,US,638 Jarboe Sideline,PA,US,,Muskego,00000,690-297-9701,498-979-1543
Florencia.Baxter@azdummy.onmicrosoft.com,Florencia Baxter,5j|nAg8k%KAbpq1,Yes,Florencia,Baxter,Employee,Supply,US,282 Dodge Garden,RI,US,,Coppell,00000,121-219-2081,936-199-0877
Wes.Hendrix@azdummy.onmicrosoft.com,Wes Hendrix,"'fi(!UgI""9z|-5)",Yes,Wes,Hendrix,Employee,Supply,US,786 Hegal Parkway,IA,US,,Walnut Creek,00000,145-410-9688,618-651-9059
Ike.Bond@azdummy.onmicrosoft.com,Ike Bond,lllM-UTnpQ>_J0:,Yes,Ike,Bond,Employee,IT,US,266 Eve Court,DE,US,,Pullman,00000,911-475-7380,841-346-9145
Alonzo.Glenn@azdummy.onmicrosoft.com,Alonzo Glenn,=`E&dOWEl3kq>7X,Yes,Alonzo,Glenn,Employee,Legal,US,275 Lee Route,SD,US,,Carlsbad,00000,669-762-3370,498-217-2936
Bobby.Nash@azdummy.onmicrosoft.com,Bobby Nash,"PGZDun""z~8!aZBD",Yes,Bobby,Nash,Employee,Supply,US,162 Apollo Garden,MO,US,,Victorville,00000,252-440-5492,514-746-5303
Ervin.Kinney@azdummy.onmicrosoft.com,Ervin Kinney,"&Gv1&7-_r1[u,)i",Yes,Ervin,Kinney,Employee,Supply,US,682 Serrano Place,MA,US,,Royal Palm Beach,00000,244-605-4753,774-372-4378
Lionel.Berg@azdummy.onmicrosoft.com,Lionel Berg,Z;'Q$y7GNewJOA/,Yes,Lionel,Berg,Employee,Sales,US,1179 Marion Road,NJ,US,,Kansas City,00000,735-715-9989,722-272-1723
Earl.Page@azdummy.onmicrosoft.com,Earl Page,Ni=AJnp='$vd4J>,Yes,Earl,Page,Employee,Production,US,1001 Gaiser Pike,NV,US,,Cape Coral,00000,751-236-5796,622-266-7014
Sueann.Bird@azdummy.onmicrosoft.com,Sueann Bird,k9)z2}:Iw@SC7M],Yes,Sueann,Bird,Employee,Legal,US,178 Museum Mews,UT,US,,Garfield Heights,00000,391-447-6751,297-067-4206
Dan.Cooke@azdummy.onmicrosoft.com,Dan Cooke,lE#\cQH='5Q/9G`,Yes,Dan,Cooke,Employee,Supply,US,726 Terra Vista Pike,NJ,US,,Riverside,00000,266-998-2715,869-819-9740
Sang.Powell@azdummy.onmicrosoft.com,Sang Powell,~<rq-i=.#}/HjO4,Yes,Sang,Powell,Employee,Production,US,746 Underwood Court,MA,US,,Carrboro,00000,485-171-5634,586-317-7043
Milly.Galloway@azdummy.onmicrosoft.com,Milly Galloway,V#=mS'6.N8qUO|I,Yes,Milly,Galloway,Employee,Marketing,US,1063 First Lane,MI,US,,Indian Trail,00000,535-467-0815,351-011-4116
Raymon.Underwood@azdummy.onmicrosoft.com,Raymon Underwood,lnW|rk~_`MjQ=*M,Yes,Raymon,Underwood,Employee,Human Resources,US,368 Hemway Glen,AZ,US,,Southaven,00000,112-886-7662,135-421-8703
Colene.Jacobs@azdummy.onmicrosoft.com,Colene Jacobs,`btl!\PY_#ARu\},Yes,Colene,Jacobs,Employee,Legal,US,602 Sydney Thruway,MN,US,,Belton,00000,213-419-2318,368-712-9153
Ali.French@azdummy.onmicrosoft.com,Ali French,ghPw>jTp\l)=QV_,Yes,Ali,French,Employee,IT,US,407 Hancock Brae,NY,US,,Stanton,00000,428-817-1260,112-858-6511
Eugenio.Russell@azdummy.onmicrosoft.com,Eugenio Russell,1/0cvr5$0(#$r^<,Yes,Eugenio,Russell,Employee,Development,US,937 Linden Boulevard,WI,US,,Wilkinsburg,00000,721-085-0502,568-072-9857
An.Thornton@azdummy.onmicrosoft.com,An Thornton,"1p#79$-ru7Yqr""Q",Yes,An,Thornton,Employee,Customer Service,US,215 Merrimac Path,MS,US,,Hollywood,00000,610-717-6224,558-090-0689
Marcos.Watts@azdummy.onmicrosoft.com,Marcos Watts,G{v;rGFeW4p.#O[,Yes,Marcos,Watts,Employee,Marketing,US,1163 Harlem Cove,WY,US,,Kissimmee,00000,117-302-7788,037-825-9053
Teresia.Webb@azdummy.onmicrosoft.com,Teresia Webb,A<}TZoB~d_*^G<Q,Yes,Teresia,Webb,Employee,Human Resources,US,877 Belvedere Terrace,MD,US,,Great Falls,00000,882-114-2783,529-773-8268
Truman.Velasquez@azdummy.onmicrosoft.com,Truman Velasquez,g9FQ3k6z-[)RC>d,Yes,Truman,Velasquez,Employee,Legal,US,273 Marview Terrace,AK,US,,Oviedo,00000,625-106-3593,377-705-6037
Parker.Washington@azdummy.onmicrosoft.com,Parker Washington,a`W2@k|`_M`Gz=*,Yes,Parker,Washington,Employee,Human Resources,US,1173 Grand View Bypass,TN,US,,Youngstown,00000,684-777-9759,840-477-1665
Wendolyn.Owen@azdummy.onmicrosoft.com,Wendolyn Owen,*Grpa2(q;9d5t>E,Yes,Wendolyn,Owen,Employee,Production,US,1180 Fell Access Freeway,KY,US,,La Verne,00000,534-307-2972,961-610-0441
Marylouise.Williams@azdummy.onmicrosoft.com,Marylouise Williams,XzUV-70RUPQ+_@e,Yes,Marylouise,Williams,Employee,Marketing,US,329 Ruth Extension,ID,US,,Brownsburg,00000,816-491-4449,571-936-7443
Jessia.Trujillo@azdummy.onmicrosoft.com,Jessia Trujillo,36B}6w`2`Y~]_lC,Yes,Jessia,Trujillo,Employee,Legal,US,132 Dorland Freeway,AL,US,,Temple,00000,748-288-9611,339-901-2404
Laurence.Smith@azdummy.onmicrosoft.com,Laurence Smith,Z53o1-v.i07S'/X,Yes,Laurence,Smith,Employee,Development,US,1099 Water Close,NM,US,,Oklahoma City,00000,518-020-3701,819-714-1632
Cherelle.Avila@azdummy.onmicrosoft.com,Cherelle Avila,6\VtN#l?n#^{5::,Yes,Cherelle,Avila,Employee,Legal,US,885 Deems Bypass,WY,US,,Weston,00000,111-158-4304,919-856-3046
Vertie.Dudley@azdummy.onmicrosoft.com,Vertie Dudley,Y')XKyqiD0u'Dt\,Yes,Vertie,Dudley,Employee,Accounting,US,1225 Telegraph Hill Circle,CO,US,,Hannibal,00000,077-409-7257,548-690-7763
Merle.Holman@azdummy.onmicrosoft.com,Merle Holman,3=b%F~~M(C%)nA',Yes,Merle,Holman,Employee,Development,US,1002 Baker Bypass,NH,US,,Plainview,00000,108-990-1947,163-812-1889
Johnie.Mcguire@azdummy.onmicrosoft.com,Johnie Mcguire,{M#P=IOU=\C6e%9,Yes,Johnie,Mcguire,Employee,Marketing,US,1089 Bonita Promenade,NJ,US,,Seattle,00000,986-506-2598,052-461-0928
January.Santos@azdummy.onmicrosoft.com,January Santos,'7o9=60/^(s56E.,Yes,January,Santos,Employee,Customer Service,US,1331 Ignacio Loop,AL,US,,St. Charles,00000,438-174-2659,450-964-1228
James.Rose@azdummy.onmicrosoft.com,James Rose,/Z>T7+g-h1i4EN5,Yes,James,Rose,Employee,Supply,US,697 Charter Oak Spur,NV,US,,Kearny,00000,769-859-7808,488-548-1266
Alita.Tanner@azdummy.onmicrosoft.com,Alita Tanner,"M++gkT~r1QQ{>""3",Yes,Alita,Tanner,Employee,IT,US,581 Holland Thruway,ND,US,,Dyersburg,00000,534-837-0529,276-683-9795
Alonso.Jefferson@azdummy.onmicrosoft.com,Alonso Jefferson,%r|Pz>}TmyRw5%U,Yes,Alonso,Jefferson,Employee,Supply,US,554 Hubbell Terrace,CA,US,,Aberdeen,00000,960-767-8732,375-663-7938
Alejandro.Soto@azdummy.onmicrosoft.com,Alejandro Soto,:5U=.</X7UN^u/^,Yes,Alejandro,Soto,Employee,Legal,US,345 Trenton Turnpike,WI,US,,High Point,00000,810-904-1445,373-857-5623
Albert.Whitaker@azdummy.onmicrosoft.com,Albert Whitaker,BuV<?LX.8~Gj5d',Yes,Albert,Whitaker,Employee,Accounting,US,1222 Science Heights,VA,US,,Menomonee Falls,00000,240-731-3482,911-802-9587
Rafael.Hensley@azdummy.onmicrosoft.com,Rafael Hensley,\w#7U\Jz`]?VDLc,Yes,Rafael,Hensley,Employee,Supply,US,1395 Knollview Annex,WY,US,,Burien,00000,882-352-8172,942-655-9994
Jefferson.Stevenson@azdummy.onmicrosoft.com,Jefferson Stevenson,"3N`:1),Lh-39D9~",Yes,Jefferson,Stevenson,Employee,Legal,US,151 Via Ferlinghetti Circle,MN,US,,Indianapolis,00000,838-461-0481,390-611-7952
Hollis.Carr@azdummy.onmicrosoft.com,Hollis Carr,"wQe^j""~Uo=:axt}",Yes,Hollis,Carr,Employee,Human Resources,US,1306 Meade Cove,NE,US,,Kiryas Joel,00000,555-010-8516,747-055-8436
Isiah.Fitzpatrick@azdummy.onmicrosoft.com,Isiah Fitzpatrick,"PMl%,FFjmdEdOqV",Yes,Isiah,Fitzpatrick,Employee,Human Resources,US,186 Petrarch Esplanade,AL,US,,Ballwin,00000,124-624-8722,133-893-1910
